key,sequence
0,TVEELKKLLEQWNLVIGFLFLTWICLLQFAYANRNRFLYIIKLIFLWLLWPVTLACFVLAAVYRINWITGGIAIAMACLVGLMWLSYFIASFRLFARTRSMWSFNPETNILLNVPLHGTILTRPLLESELVIGAVILRGHLRIAGHHLGRCDIKDLPKEITVATSRTLSYYKLGASQRVAGDSGFAAYSRYRIGNY
1,TADEAIKFLKEWNFSLGIILLFITIILQFGYTSRSMFVYVIKMIILWLMWPLTIILTIFNCVYALNNVYLGFSIVFTIVAIIMWIVYFVNSIRLFIRTGSWWSFNPETNNLMCIDMKGRMYVRPIIEDYHTLTVTIIRGHLYMQGIKLGTgYSLSDLPAYVTVAKVSHLLTYKRGFLDKIGDTSGFAVYVKSKVGNY
-1,TVEELKKLLEQWNLVIGFLFLTWICLLQFAYANRNRFLYIIKLIFLWLLWPVTLACFVLAAVYRINWITGGIAIAMACLVGLMWLSYFIASFRLFARTRSMWSFNPETNILLNVPLHGTILTRPLLESELVIGAVILRGHLRIAGHHLGRCDIKDLPKEITVATSRTLSYYKLGASQRVAGDSGFAAYSRYRIGNY
-1,-------HLANWNFSWSVILIIFITVLQYGRPQFSWFVYGIKMLIMWLLWPIVLALTIFNAysEYEVSrYVMFGFSIAGAVITFALWIMYFVRSIQLYRRTKSWWSFNPETNAILCVSALGRSYVLPLEGTPTGVTLTLLSGNLYAEGFKMaGGMNIEHLPKYVMVAlPSRTIVYTLVGKQLKASSATGWAYYVKSKAGDY
-1,TVEQLRHLLEQWNLVIGFLFFAWILLLQFAYSNRNRFLYFIKLVFLWLLWPVTLACFVLAAVYRINWVTGGIAIAMACLVGIMWLSYFVASFRLFARTRSWWSFNPETNILLNVPLHGTIFTRPLLESELIIGAVIIRGHLRMAGHSLGRCDLSDLPKEITVATSRTLSYYRLGASQRVATDSGFAAYYRYRIGNY
-1,-------HLANWNFSWSIILIIFITVLQYGRPQFSWFVYGIKMFIMWLLWPLVLALTIFNAysEYQVSrYVMFGFSIAGAIVTVVLWIMYFVRSIQLYRRTKSWWSFNPETNAILCVSALGRSYVLPLEGVPTGVTLTLLSGNLYAEGFKIaGGMNIDNLPKYVMVASPsRTIVYTLVGKKLKASSATGWAYYVKSKAGDY
-1,-------HLANWNFSWSVILIVFITVLQYGRPQFSWLVYGIKMLIMWLLWPIVLALTIFNAysEYQVSrYVMFGFSIAGAVVTFALWMMYFVRSIQLYRRTKSWWSFNPETNAILCVNALGRSYVLPLDGTPTGVTLTLLSGNLYAEGFKMaGGLTIEHLPKYVMIATPsRTIVYTLVGKQLKATTATGWAYYVKSKAGDY
-1,-------HLANWNFSWSIILIVFITVLQYGRPQFSWFVYGIKMLIMWLLWPVVLALTIFNAysEYQVSrYVMFGFSIAGAIVTFVLWIMYFVRSIQLYRRTKSWWSFNPETKAILCVSALGRSYVLPLEGVPTGVTLTLLSGNLYAEGFKIaGGMNIDNLPKYVMVAlPSRTIVYTLVGKKLKASSATGWAYYVKSKAGDY
-1,TVEELQHLLEQWNLVIGFLFLAWILLLQFAYSNRNRFLYIIKLIFLWLLWPVTLACFVLAAVYRINWITGGIAIAMACIVGLMWLSYFVASFRLFARTRSWWSFNPETNILMNVPLRGTILTRPLMESELVIGAVIIRGHLRMAGHPLGRCDLRDLPKEITVATSRTLSYYRLGASQRVGTDSGFAAYNRYRIGNY
-1,-VDEVIQHLRNWNFTWNIILTILLVVLQYGHYKYSAFLYGVKMVILWILWPLVLAlsLFDAWASFQVNWVFFAFSILMACITLMLWIMYFVNSIRLWRRTHSWWSFNPETDALLTTSVMGRQFCIPVLGAPTGVTLTLLSGTLLVEGYKVAtGVQVSQLPNFVTVAKAtTTIVYGRVGRSINASSGTGWAFYVRSKHGDY
-1,TVEELKQLLEQWNLVIGFLFLAWIMLLQFAYSNRNRFLYVIKLVFLWLLWPVTLACFVLAAVYRINWVTGGIAIAMACIVGLMWLSYFVASFRLFARTRSMWSFNPETNILLNVPLRGTIVTRPLMESELVIGAVIIRGHLRMAGHSLGRCDIKDLPKEITVATSRTLSYYKLGASQRVGIDSGFAAYNRYRIGNY
-1,-------HLANWNFSWSVILIVFITVLQYGRPQFSWLVYGIKMLIMWLLWPIVLALTIFNAysEYQVSrYVMFGFSVAGAVVTFALWMMYFVRSIQLYRRTKSWWSFNPETNAILCVNALGRSHVLPLDGTPTGVTLTLLSGNLYAEGFKMaGGLTIEHLPKYVMIATPsRTIVYTLVGKQLKATTATGWAYYVKSKAGDY
-1,-VEELKRLLEQWNLVIGFLFLAWIMLLQFAYSNRNRLLYIIKLVFLWLLWPVTLACFVLAAVYRINWVTGGIAIAMACIVGLMWLSYFVASFRLFARTRSMWSFNPETNILLNVPLRGTIVTRPLMESELVIGAVIIRGHLRMAGHSLGRCDIKDLPKEITVATSRTLSYYKLGASQRVGTDSGFAAYNRYRIGNY
-1,-VDEVIQHLRNWNFTWNIILTILLVVLQYGHYKYSAFLYGVKMAILWILWPLVLAlsLFDAWASFQVNWVFFAFCILMACITLMLWIMYFVNSIRLWRRTHSWWSFNPETNTLLTTSVMGRQVCIPVLGAPTGVTLTLLSGTLLVEGYKVAtGVQVSQLPNFVTVAKAtTTIVYGRVGRSVNASSGTGWAFYVRSKHGDY
-1,-------HLANWNFSWSIILIVFITVLQYGRPQFSWFVYGIKMLIMWLLWPIVLALTIFNAysEYEVSrYVMFGFSVAGAVVTFALWMMYFVRSIQLYRRTKSWWSFNPETNAILCVNALGRSYVLPLDGTPTGVTLTLLSGNLYAEGFKMaGGLTIEHLPKYVMIRTPnRTIVYTLVGKQLKATTATGWAYYVKSKAGDY
-1,-VDEVIEHLRNWNFTWNIILTILLVVLQYGHYKYSVFLYGVKMAILWILWPLVLALSLFDAspSFQVNWVFFAFSILMACITLMLWIMYFVNSIRLWRRTHSWWSFNPETDALLTTSVMGRQVCIPVLGAPTGVTLTLLSGTLLVEGYKVAtGVQVSQLPNFVTVAKAtTTIVYGRVGRSVPASSGTGWAFYVRSKHGDY
-1,-VEEVVNHLRNWNFSWNIILTIFLVVLQYGQYKYSVLLYGIKMAILWLLWPLVLALSIFdsWSSFGVNWVFFAFSILMACITLMLWIMYFVNSIRLWRRTKSWWSFNPETDAILTTAVMGRHVCIPVLGAPTGVTLTLLSGTLLVEGYKVAtGVQVSQLPSFVTVAKStTTIVYQRVGRSVNVASGTGWAFYVRSKYGDY
-1,-------HLMNWNFSWSMVLIVFISILQYGRPQFSWFMYGIKMLIMWLLWPLVLALTIFNAysEYANSrYVMFGFSVAGAVVTLVMWVMYFARSIQLWRRTRTWWSFNPETNAILCLSXVGKRFVLPLNGAPTGVTLTLLSGNLYAEGFKVGsGVNVENLPKYLMVATPgNTIVYHQVGKSLKASSATGWSYYVRSKAGDY
-1,-VEEVVQHLRNWNFSWNVILTILLVVLQYGHYKYSALLYGLKMTILWLLWPLVLAlsLFDAWASFGVNWVFFAFSILMACITLMLWIMYFVNSIRLWRRTRSFWAFNPETDAILTTSIMGRTCCMPVLGAPTGVTLTLLSGTLLVEGYKVATaVQVGQLPGYVTVAKPtTTIVYQRVSRSVNATSSTGWAFYVRSKHGDY
-1,--EEVIHHLRNWNFSWNIILTLLLIVLQYGHYKYSRFLYGLKMMILWILWPLVLALSIFdgWASFGTNWVFFAFSILMACITAVLWIMYFVNSIRLWRRTKSWWAFNPETDSILSVSVLGRHVCLPILGAPTGVTLTLLNGTLLVEGYQVAtGVQVSNLPSYVTVAKaATTIVYQRVGRSMNATSSTGWAFFVKSKHGDY
-1,-VEEVIKHLRNWNFSWNIILTILLVVLQYGHYKYSRVLYGLKMAILWLLWPLVLALSIFdaWASFNVNWVFFAFSILMACVTAVLWIMYFVNSIRLWRRTHSWWSYNPETDSILSVSVLGRHVCLPILGAPTGVTLTLLNGTLLVEGYQVAtGVQVNNLPGYVTVAKaSTTIVYQRVGRSMNANSSTGWAFFVKSKHGDY
-1,------EHLRNWNFTWNIILTILLVVLQYGHYKYSVFLYGVKMAILWILWPLVLAlsLFDAWASFQVNWVFFAFSILMACITLMLWIMYFVNSIRLWRRTHSWWSFNPETDALLTTSVMGRQVRIPVLGAPTGVTLTLLSGTLFVEGYKVAtGVQVSQLPNFVTVAKAtTTIVYGRVGRSVNASSGTGWAFYVRSKHGDY
-1,-------HLMNWNFSWSIILIVFIAVLQYGRPQYSWFIYGVKMLIMWLLWPIVLALTIFNAysEYTNSrYVMFSFSVAGSVVTLIMWVTYFVRSIQLWRRTRTWWAFNPETNAILCLSAVGKRFVLPLNGAPTGVTLTLLSGNLYAEGFKVGsGVNVDNLPKYIMVATPgNTIIYHQVGKSLKASSATGWSYYVRAKAGDY
-1,-------HLMNWNFSWSVLLILFITILQYGRPQVSWFIYGIKMLIMWLLWPLVLALTIFNAysEYMNSrYVMFGFSVTGSVLTFILWVMYFVRSIQLWRRTRTWWSFNPETNAILCLNAVGTRFVLPLNGAPTGITLTLLSGNLYAEGFKVgGGVNVENLPKYVMVATPgNTIVYHQVGKSLKAANSTGWSYYVRAKAGDY
-1,-------HLANWNFSWSVILIIFITVLQYGRPQFSWFVCGIKMLIMWLLWPIVLALTIFNAylEYRVSrYVMFGFSVAGATVTFILWIMYFVRSIQLYRRTKSWWSFNPETSAILCVSALGRSYVLPLEGVPTGVTLTLLSGNLCAEGFKIaGGMNIDNLPKYVMVALPvRTIVYTLVGKKLKASSATGWAYYVKSKAGDY
-1,-------HLMNWSFSWSVVLIVFIAILQYGRPQFSWFMYGVKMLIMWLLWPLVLALTIFNAYaefKSSRYVMFGFSVSGAMVTLVMWIMYFARSIQLWRRTRTWWSFNPETNAILCLSSVGKRFVLPLSGAPTGVTLTLLSGNLYAEGFKVGsGVNVDNLPKYIMVATPgNTIVYHQVGKSLKASSATGWSYYVRAKAGDY
-1,----VVEHLRNWNFSWNVILTVLLVVLQYGHYKYSRFLYGLKMAILWILWPLVLALSIFdaWASFNVNWWFFAFSILMACITLVLWIMYFVNSFRLWRRTHSFWAWNPETDSILTTSVMGRQVCMPLLGAPTGITLTLLSGTLLVEGFQVAtGVQVQLLPAYVTVAKPhTTLIYQRVGRSVNANNSTGWAFYVKSKNGDY
-1,-VEEVITHLRNWNFSWNVVLTVLLIVLQYGHYKYSRILYGLKMAILWLLWPLVLALSIFdaWASVNVNWWFFAFSILMACITLVLWIMYFVNSFRLWRRTHSFWAWNPETDSILTTSVMGRQVCMPLLGAPTGITLTLLSGTLLVEGFQVAtGVQVQLLPAYVTVAKPsTTIIYQRVGRSVNTSNSTGWAFYVKSKNGDY
-1,-IEEVVNHLRNWNFSWNIVLTVLLVVLQYGQYKYSRVLYGLKMFILWILWPLVLALSIFdaWASFGVNWVFFAFSILMACITAVLWIMYFVNSVRLWRRTHSWWSFNPETDSILSVSVLGRHVCLPILGAPTGVTLTLLNGTLLVEGYQVAtGVQVNNLPGFVTVAkSSTTIVYQRVGRSMNVASSTGWAFYVKSKHGDY
-1,-VDQVVEHLRNWNFSWNVILTVFLIVLQYGQYKYSRLLYGIKMLILWLLWPCVLALSIFdsWASFNVNWGFFAFSILMACITLVLWIMYFVNSFRLYRRTQTFWAFNPETDAILTLSVFGRQVSFPIIVAPTGITLTVLSGTLLVEGIKVAtGVQVNQLPTYVTVAKAnTTIVYQRAGRSLNARSNTGWAFYVRSKNGDY
-1,-VEDVIIHLRNWNFSWNVVLTLLLVVLQYGHYKYSRFLYGLKMTILWLLWPLVLALSIFdaWSSFNVNWWFFAFSILMACITLVLWLMYFINSFKLYRRSQSWWSFNPETDALLTCSVMGRSICIPVLGAPTGVTLTLLNGTLLVEGYQVAtGVQVNLLPAYVTVAKPhTTIVYQRVGRSVNAASSTGWAFYVKSKNGDY
-1,-------------FSWSVILIVFITVLQYGRPQFSWLVYGIKMLIMWLLWPVVLALTIFNAysEYQVSrYVMFGFSIAGAVITFALWMMYFVRSIQLYRRTRSWWSFNPGTNAILCVNVLGRSYVLPLDGTPTGVTLTLLSGNLYAEGFKMaGGLTIEQLPKYVMIATPsRTIVYTLVGKQLKATTATGWAYYVKSKAGDY
-1,-------------FSWSVILIVFITVLQYGRPQFSWFVYGIKMLIMWLLWPIVLALTIFNAysEYQVSrYVMFGFSVAGAVVTFALWMMYFVRSIQLYRRTKSWWSFNPETNAILCVTALGRSYVLPLDGTPTGVTLTLLSGSLYAEGFKMaGGLTIEHLPKYVMIATPsRTIVYTLVGKQLKATTATGWAYYVKSKAGDY
-1,TVEELKKLLEQWNLVIGFLFLTWICLLQFAYANRNRFLYIIKLIFLWLLXXXXXXXXXXXXXYRINWITGGIAIAMACLVGLMWLSYFIASFRLFARTRSMWSFNPETNILLNVPLHGTILTRPLLESELVIGAVILRGHLRIAGHHLGRCDIKDLPXXXXXXXXXXLSYYKLGASQRVAGDSGFAAYSRYRIGNY
-1,-VEQVVEHLRNWNFSWNVILTIFLIVLQYGQYKYSVVLYGLKMLILWLLWPLVLALSIFdsWASFGVNWTFFAFSILMSCITLILWMMYFINSFRLYRRTQTFWAFNPETDAIITLSVFGRQVSIPTIVAPTGITLTVLSGTLLVEGIKVAtGVQVSQLPTYITVAKPsTTIVYQRAGRSLNTRSNTGWAFYVRSKNGDY
-1,--DEVVTHLRNWNFSWNVVLTVLLVVLQYGHYNYSRVLYGLKMLILWVLWPLVLALSLFdsWASFNVNWWFFAFSILMACITLVLWIMYFVNSFRLWRRTRTFWAWNPETDSILTTSVMGRQVSIPLLGAPTGVTLTLLSGTLLVEGFQVAtGVQVNMLPAFVTVAKPyTTIVYQRVGRSVNATSSTGWAFYVKAKNGDY
-1,-VDQVVEHLRNWNFSWNIILTVFLVVLQYGQYKYSVVLYVLKMLVLWLLWPLVLALSIFDAVvsFGDNWTYFAFSILMACITFVLWIMYFANSFRLYRRTNSFWAFNPETDAIITLSVLGRQVSIPIIVAPTGITLTCLNGTLLVEGIKVAtGVQVSQLPTYITVAKPtTTIVYQRAGRSLNARSNTGWAFYVRSKNGDY
-1,--DEVVVHLRNWNFSWNVVLTVLLVALQYGHYKYSRILYGLKMAVLWVLWPLVLAlsLFDAWASFQVNWVFFAFSILMACITLVMWIMYFVNSFRLWRRTHTFWAWNPETDSILTTSVLGRQISIPLIGAPTGVTLTLLSGTLLVEGFQVAtGVQVQMLPSYVTVAKPhTTIVYQRVSRSMNTASSTGWAFYVRSKHGDY
-1,----------------SVILIVFITVLQYGRPQLSWLIYGIKMLIMWLLWPIVLALTIFNAysEYQVSrYVMFGFSVARAVITFALWVMYFVRSVQLYRRTKSWWSFNPETNAILCVNALGRSYVLPLDGTPTGVTLTLLSGNLYAEGFKMaGGLTIEHLPKYVMIATPsRTIVYTLVGKQLKATTATGWAYYVKSKAGDY
-1,-VEVVVEHLRNWNFSWNVVLTVFLVVLQYGQYKYSKLLYGLKMLILWLLWPLVLALSIFdsWASFGVNWVFFAFSILMSCITLVLWIMYFVNSFRLYRRTQTFWAFNPETDAIITLSVFGRQVSIPTIVVPTGITLTVLSGTLLVEGIKVAtGVQVSQLPTYLTVAKPfTTIIYQRAGRSVNARSNTGWAFYVRSKNGDY
-1,-VEQVVAHLRNWNFSWNVILTVFLIVLQYGHYKYSVVLYSLKMMILWLLWPLVLALSIFdsWASFGVNWTFFAFSILMCCITFILWVMYFVNSFRLYRRTQTFWAFNPETDAIMTLSVLGRQVSIPVIVAPTGITLTVLSGTLLMEGIKVAtGVQVNQLPSYITVAKPtTTIIYQRAGRSLNTRSQTGWAFYVRSKNGDY
-1,--EEIIQHLRNWNFGWNIILTIFIVVLQYGQYKYSAFLYGLKMLVLWLLWPLVLALSIFDayASFNVNWVFFAFSILMACVTGVLWVMYFVNSIRLWRRTKSFWAWSPETDTILATTVLGRTVYLPLPAAPTGVTLTLLNGTLLVEGFKVAvGVTVELLPDYVTVAKPhTTIIYQRVGRSVNARSNTGWSFYVKAKYGDY
-1,--EVVIQHLRNWNFSWNVILTIFLVVLQYGHYKYSAVLYGLKMTILWLLWPLVLALSIFdsWSSWGVNWTMFAFSILMACITLILWIMYFVNSFRLYRRTKTFWAFNPETDAIITLSVFGRQISIPALVAPTGITLTVLSGTLLVEGIKVAtGVQVNQLPTYITVAKPnTTIVYQRAGRNLNARSNTGWAFYVRSKNGDY
-1,-VEVIVQHLRNWNFMWNIILTILLVVLQYGHYKYSVILYGIKMMILWILWPLVLALSIFDayASFGVNWTFFAFSILMACITLVLWIMYFVNSFRLYRRTQTFWAFNPETDAIITLSVFGRQVSIPTIVAPTGITLTVLNGTLLVEGIKVAtGVSVNQLPTYLTVAKPnTTIVYQRAGRSVNTRSNTGWAFYVRSKNGDY
-1,----VIQHLRNWNFSWNVILTIFLVVLQYGHYKYSAVLYILKMTILWLLWPLVLALSIFdsWSSFGNNWTMFAFSILMACITLVLWIMYFVNSFRLYRRTNTFWAFNPETDAIITLSVFGRQVSIPALVAPTGITLTVLSGTLLVEGIKVAtGVQVNQLPTYITVAKPsTTIVYQRAGRSLNTRSNTGWAFYVRSKNGDY
-1,-VEQVVEHLRNWNFSWNIILTVFLVVLQYGQFKYSKILYGLKMLVLWLLWPLVLALSIFdaWASFNVNWTYFAFSIVMACITFVLWIMYFINSFRLYRRTQSFWAFNPETDAIITISVFGKVVAIPVIQPPTGITLTVLSGKLLVEGIPiVNGVSVTNLPSYVTVAKAnTTIIYQRVGKSLNAASQTGWAFYVRSKNGDY
-1,-VDQVVQHLRNWNFSWNIILTIFLVVLQYGQYKYSKILYGLKMAILWLLWPLVVALSIFdsWANWGVNWTFFAFSILMSCISLILWIMYFVNSFRLYRRTQTFWAFNPETDAIITLSVFGRQVSIPTIVAPTGITLTVLSGTLLVEGIKVAtGVQVDQLPMYITVAKPnTTIIYQRAGRSLNKRSNTGWAFYVRSKNGDY
-1,-VDEVVEHLRNWNFSWNVILTIFLVVLQYGQYKYSVVLYGLKMLILWLLWPLVLALSIFdsWASFGVNWTFFAFSILMSCITLVLWIMYFVGSFRLYRRAQTFWAFNPETDAIITLSVFGRQVSIPTIVAPTGITLTVLNGTLLVEGIKVAtGVQVSQLPTYLTVAKPtTTIIYQRAGRSLNSRSNTGWAFYVRSKNGDY
-1,--DEVITHLRNWNFSWNIILTVFLIVLQYGHYKYSKFLYGLKMTILWLLWPLVLALSIFdaWASFGVNWVFFAFSILMACITLILWIMYFVNSFRLYRRTQTFWAFNPETDAIISLSVFGRPVAIPVLTAPTGITLTVLSGNLLVEGIKVAsGVLVNQLPSYVTVAKAgTTIVYQRAGRSLNARSNTGWAFYVRSKNGDY
-1,----------------SVILIVFIAVLQYGRPQFSWFVYGIKMLVMWLLWPIVLALTIFNAysEYQVSrYVMFGFSVTGAVITFALWMTYFVRSLQLYRRTSSWWSFNPETNAILCVTVLGRSYVLPLDGTPTGVTLTLLSGNLYAEGFKMtGGLTIDQLPKYVMIATPsRTIVYTLVGKQLKATTATGWAYYVKSKAGDY
-1,-------HLLNWNFSWSVILTVFVAVLQYGNLKYSMILYILKMTIMWLLWPIVIALTIFDAIEtfkQERYVMFGFSIALGVVTLILWIMYFVNSFRLYRRTGSWWSFNPETNAIICVSVMGRNITTPTPVCPTGITLTLLSGTLYVEGQRAAtGVNLDNLPNYVTVAKPgVTIVYHRVGKSIRVSTATGWMYYVKSKAGDY
-1,-VTEVLEHLRNWNFSWNIILTVFIAVLQYGNMKYSFFLYGVKMLIMWLLWPLVIALSIFNayADFGVNWWFFSFSILMLVITLVLWLMYIINSFKLYRRTRTFWAFNPETDAIAVISVFGRSYSIPMPVAPTGITLTILSGTLFFDGIRIAtGVQPAHLPQFVTVAKPgTTIIYTRAGRSLNASTNTGWAFYVRSKHGDY
-1,----------------SVMLIIFIAVLQYGRPQFSWLVYGIKMLIMWLLWPIVLALTIFNAysEYQVSrYVMFGFSIAGAVVTFALCMMYFVRSVQLYRRTKSLWSFNPETNAILCVNVLGRSYVLPLDGTPTGVTLTLLSGNLYAEGFKMaGGLTIEHLPKYVMIATPsRTIVYTLVGKQLKATTATGWAYYVKSKAGDY
-1,TMGEVVHHLRNWNFSWNVILTIFLVVLQYGNFKYSRFLYGLKMTILWLLWPIVLALSIFdaWANFNVNWVMFAFSILLACITFVLWVMYFVNSIKLWRRTSSWWAFNPETDAILTTTVLGRNICMPVHGAPTSVTLTLLNGTLLIEGYKAAtGLQIHNLPSYVTVAKSyTTVVYNRVGKSANVGSSTGWAFYIKSKHGDF
-1,-VEQVVEHLRNWNFSWNVILTVFLIVLQYGNFKYSKLLYGLKMVILWLLWPLVLALSIFdaWASFGVNWTFFAFSIVMACTTLMLWIMYFVNSFRLYRRCQSFWAFNPETDAVITLSVFGKIVAIPVMTPPTGITLTILSGKLLVEGIPVAnGVSVTQLPSYVTVAKAtTTIIYQRVGKSLNAASQTGWAFYVRAKNGDY
-1,TAEEAVRFLKEWNFSLGIILLVITIILQFGYTSRSMFVYVVKMIILWLMWPLTIVLTIFNCVYALNNVYLGFSIVFAIVSIIMWIVYFVNSIRLFIRTGSWWSFNPETNNLMCIDMKGKMYVRPVIEDYHTLTATIVRGHLYMQGVKLGtGYGLSDLPAYVTVAKVQHLCTYKRAFLDKIDGTSGFAVYVKSKVGNY
-1,TADEAIKFLKEWNFSLGIILLFITIILQFGYTSRSMFVYVIKMFILWLMWPLTIILTIFNCVYALNSVYLGFSIFFAIVSIIMWIVYFVNSIRLFIRTGSWWSFNPETNNLMCVDMKGKMYVRPIIEDYHTLTCTIIRGHLYIQGIKLGtGYSLSDLPAYVTVAKVTHLCTYKRAFLDRIGDTSGFAIYVKSKVGNY
-1,TADEAVQFLKEWNFSLGIILLFVTIILQFGYTSRSMFIYVVKMIILWLMWPLTIVLCIFNCVYALNNVYLGFSIVFTIVSILMWIIYFVNSIRLFIRTGSWWSFNPETNNLMCIDMKGTVYVRPIIEDYHTLTATIIRGHLYMQGVKLGtGFSLSDLPAYVTVAKVSHLCTYKRAFLDKVDGVSGFAVYVKSKVGNY
-1,TADEAIKFLKEWNFSLGIILLFITIILQYGYTSRSMFVYVIKMIILWLMWPITIILTTFNCVYALNNVYLGLSIVFTIVAIIMWIVYFVNSIRLFFRTGSFWSFNPETNNLMCIDMKGTMYVRPIIEDYHTLTVTIIRGHLYIQGIKLGiGYSLADLPAYMSVAKVTHLCTYKRGFLDRISDTSGFAVYVKFKVGNY
-1,TADEAIKFLKEWNFSLGIILLFITVILQFGYTSRSMFVYVVKMIILWLMWPLTIILTIFNCVYALNNVYLGFSIVFTIVAIIMWILYFVNSIRLFIRTGSCWSFNPETNNLMCVDMKGKMYVRPIIEDHHTLTATIIRGHLYFQGVKLGiGYSLSDLPVYVTVAKVSHLCTYKRGFLDKIGDNSGFAVYVKSKVGNY
-1,TAEEAVRFLKEWNFSLGIILLVVTIILQFGYTSRSMFVYVIKMIILWLMWPLTIIVCVFNCVYALNSVYLGFSIVFTIVSVIMWIMYFVNSIRLFIRTGSWWSFNPETNNLMCIDMKGTMYVRPVIEDYHTLTATIIRGHLFIQGVKLGtGYSLSDLPAYVTVAKVQHLCTYKRAFLDKIDATSGFAVYVKSKVGNY
-1,TADEAIRFLKEWNFSLGIILLVITIILQFGYTSRSMFVYVIKMIILWLMWPLTIILVIFNCVYALNNVYLGFSIVFAIVSIIMWIVYFVNSIRLFIRTGSWWSFNPETNNLMCIDMKGRVFVRPIIEDYHTLTVTIIRGQLYIQGIKLGtGYTLSDLPTYVTVAKVTHICTYKRAFLDKIGDISGFAVYVKSKVGNY
-1,--EVVVQHLRNWNFSWNIILTVLIIVLQYGHYKYSKFLYAVKMAILWALWPLVIALSIFdaWANAYTNWWYFGFSIAMLVTTLVLWVFYFVNSFRLYRRTRTFWAFNPETDAIIVISVFGRNYSIPIIKAPTGITLTLLSGTLLVDGIRIAtGVQYNQLPNFVTVAKAtTTIVYHRMGRSLSSNSNTGWAFYVRSKQGDY
-1,-VEEVVEHLRNWNFAWNVILTVLLVVLQYGNFKYSRFLYGLKMLVLWVLWPTVLALSIFnaWAEFNVNWGMFALSIIMACATFVLWIMYFVNSFKLYRRTQTFWAFNPETDAIITLNVFGRTVAIPVITAPTGITLTVLNGQLLVEGYKVAnGVQVGQLPSYVTVAKPsTTIIYQRVSRSINVKSNTGWAFFVRAKNGDF
-1,-VEEVVEHLRNWNFSWNVILTLFLIVLQYGQFKYSKVLYGLKMAILWLLWPLVLALSIFdaWANFGDNWVMFAFSIVMACTTLVMWLMYFINSFRLYRRTQSFWAFNPETDAIITVSVLGRTVAIPVLTPPTGITLTVLSGKLLVEGIPVAnGVTVHSLPNFVTVAKAtTTIIYQRAGRSLNAANQTGWVFYVRAKNGDY
-1,TADEAIKFLKEWNFSLGIILLFITVILQFGYTSRSMFVYVIKMIILTLMWPLTIILTIFNCVYALNNVYLGLSIVFTIVAIIMWIVYFVNSIRLFIRTGSWWSFNPDTNNLMCIDIKGRMYVRPIIEDYHTLTVTIIRGHLYMQGIKLGtGYSLSDLPAYVTVATVSHLHTYKRGFLDKIGDSSGFAVYVKSKVGNY
-1,--EEVYHHLLNWNFAWNIVLTVIIIVLQYGHWQYSRVLYGFKMAVLWLLWPLVFALSIFDCVvnFNSNWVFFAFSLLMSFITGVVWLMYFINSFRLYRRVRSFWAFNPETNAVISVHVLGFQYVQPVLAVPTGITLTLLNGNLLIDGFKVAsGVQISNLPQYLTVAKPnTTIIYERAGRSLNATYNSGWVFYVKSKFGDY
-1,-VTEVVEHLRNWNFAWNVILTVLLVVLQYGNFKYSKVLYGLKMLVLWVLWPTVLALSIFnaWAEFNVNWVMFSFSIIMACVTFVLWIMYFVNSFKLYRRTQTFWAFNPETDAIITLNVFGRTVAIPVITAPTGITLTVLNGQLLVEGYKVAnGVQVGQLPSYVTVAKPsTTIIYQRVSRSINVRSNTGWAFFVRSKNGDF
-1,--DEAIKFLKEWNFSLGITLLVITIILQFGYTSRSMFIYVIKMIILWLMWPLTIILTIFNCVYALNNVYLGFSIVFAIVSIIMWIVYFVNSIRLFIRTGSWWSFNPETNNLMCIDLKGRMYVRPVIEDYHTLTCTLMRGTLYIQGIKLGsGYSLHDLPAYVTVAKVSHICTYKRVSTDRIGSDmSGFAVYVKSKVGNY
-1,-----------------------------GRPQFSWLIYGIKMLIMWLLWPIVLALTIFNAysEYQVSrYVLFGFSIAGAVVTFALWMMYFVRSIQLYRRTKSWWSFNPETNAILCVNALGRSYILPLDGNPTGVTLTLLSGNLYAEGFKMaGGLTIDHLPKYVMIATPsRTIVYTLVGKQLKATTATGWAYYVKSKAGDY
-1,-------HLRNWNFSWNLILTLFIVVLQYGHYKYSRLLYGLKMSVLWCLWPLVLALSIFDCfvNFNVDWVFFGFSILMSIITLCLWVMYFVNSFRLWRRVKTIWAFNPETNAIISLQVYGHNYYLPVMAAPTGVTLTLLSGVLLVDGHKIAtRVQVGQLPKYVIVATPsTTIVCDRVGRSVNETSQTGWAFYVRAKHGDF
-1,-----------------------------GRPQFSWLVYGIKMLIMWLLWPIVLALTIFNAysEYQvPRYVMFGFSIAGAVVTFALWMMYFVRAIQLYRRTKSWWSFNPETNAILCVNALGRSYVLPLDGIPTGVTLTLLSGNLYAEGFKIaGGLTIEHLPKYVTIATPsRTIVYTLVGKQLKATTATGWAYYVKSKAGDY
-1,---------------WSIILIIFITVLQYGRPQFSWFVYGIKMLIMWLLWPLVLALTIFNAysEYQVSrYVMFGFSIAGAIVTVVLWIMYFVRSIQLYRRTKSWWSFNPETNAILCVSALGRSYVLPLEGVPTGVTLTLLSGNLYAEGFKIaGGMNIENLPKYVMVASPsRTIVYTLVGKKLKASSA--------------
-1,TSEEVYNHLVNWNFAWNIFLTVVIVILQYGHWKYSRVLYALKMLVLWLLWPCVLALSIFDTVinFGRNWGMFVVSLLMSIITAVLWLMYFVNSFRLYRRARSFWAFNPETNALISVQIFGFQYVQPVMAVPTGITLTLLNGNLLIDGFKVAsGVQISNLPQYLTVAKPnTTIIYERAGRSLNVTHNSGWVFYVKSKFGDY
-1,-----------------------------GRPQFSWLVYGIKMLVMWLLWPIVLALTIFNAysEHQVSrYVMFGFSIAGAVVTFALWMMYFVRSIQLYRRTKSWWSFNPETNAILCVNALGRSYVLPLDGTPTGVTLTLLSGNLYAEGFKmVGGITIEHLPKYVMIATPsRTIVYTLVGKQLKATTATGRAYYVKSKAGDY
-1,-VSEVLEHLRNWSFAWNIILTVLIVLLQYGNFKYSKILYGFKMLVLWLLWPLVIALSItnAWADFNQNWAFFGLSIFMLCVTLILWIMYFAASIRLYRRTHTFWAFNPETDAIIVFSVYGKSYSIPVIQAPTGITLTVLGGTLLVDGIKVAtGVRIDSLPQYVTVAKAtTTIIYHRVGKAVNERTQTGWLFYVRTKHGDY
-1,---EVMEHLRNWNFSWNIVLTVFLIVMQYGHFKYSTILYGLKMLVLWLLWPLVLALSIFdaWSTFGQKWVMFAFSIVMACTTLVLWLMYFINSFRLYRRTQSFWAFNPETDAIITISVFGKTVAIPVLVPPTGITLTVLSGKLLVEGIPVAnGITVGQLPEFVTVAKAtTTIIYRRAGRSLNAKTQTGWAFYVRAKNGDY
-1,---EVYEHLRNWNFSWNLVLTVFLVVLQYGHFQYSKLLYALKMLVLWLLWPMVLALSIFdcWANFGKDWVFFAFSLLMTIITLCLWIMYFVNSFKLYRRVKTFWAFNPETNAIISLQVYGHNYVQPVMTAPTGVTLTLLSGVLLIEGHKVAiRVQVGQLPKYLIVATPrTTIIYDRVGRSVNESSQTGWAFYVRSKHGDF
-1,TADVAVRFLKEWNFLLGIILLFITIILQFGYTSRSMFIYVVKMIILWLMWPLTIVLCIFNCVYALNNVYLGFSIVFTIVSIVMWIMYFVNSIRLFIRTGSWWSFNPETNNLMCIDVKGTVYVRPIIEDYHTLTATNVRGHLYMQGVKLGtGFSLSDLPAYVTVAKVSHLCTYKrafLDKVRRVLG--GFAVYVKSKVGNY
-1,--EELVTHLKNWNFSWNIILTIFIVILQFGHYKYSRVFYGLKMLVLWLLWPLVLALSIFdtWANWGTNWAFVAFSLFMAVSTLIMWVMYFVNSFRLFRRARTFWAWNPEVNAITVTTVLGQTYYQPTQQAPTGITVTLLSGVLYVDGHRLAsGIQVHNLPEYMSVAvPSTTIIYSRVGRSVNSRNSTGWVFYVRVKHGDF
-1,TSDQAVTFLKEWNFSLGVILLFITIILQFGYTSRSMFVYFIKMIILWLMWPLTITLTIFNCFYALNNAFLAFSIVFTIISIVIWILYFVNSIRLFIRTGSWWSFNPETNNLMCIDMKGKMFVRPVIEDYHTLTATVIRGHLYIQGVKLGtGYTLSDLPVYVTVAKVQVLCTYKRAFLDKLDVNSGFAVFVKSKVGNY
-1,-----------------------------GRPQFSWLVYGIKMLIMWVLWPIVIALTIFNAysEYQVSrYVMFGFSVAGAVVTFALWMMYFVRSIQLYRRTRSWWSFNLETNAILCVNALGRSYVLPLDGTPTGVTLTLLSGNLYAEGFKMAsGLTIEHLPKYVMIATPsRAIVYTLVGKQLKAITATGWAYYVRTKAGDY
-1,-VADVIVHLRNWNFAWNVILTVFLVVFQYGQFKYSRVLYGLKMLVLWILWPTVFALSVFDCyvNFNYNWGMFAVSIIMACATFVLWVMYFVNSFKLYRRTQTFWAFNPETDAIITLSVFGRQVAIPVITAPTGITLTVLNGQLLVEGYKVAnGVQVGQLPSYVTVAKPsTTIVYQRVSRSINVKSNTGWAFFVRAKNGDF
-1,--------LKEWNFSLGIILLFITVILQFGYTSRSMFVYVVKMIILWLMWPLTIILTIFNCVYALNNVYLGFSIVFTIVAIIMWILYFVNSIRLFIRTGSWWSFNPETNNLMCVDMKGKMYARPIIEDHHTLTATIIRGHLYFQGVKLGiGYSLSDLPVYVTVAKVSHLCTYKRGFLDKIGDNSGFA----------
-1,-VGEVLEHLRNWSFAWNIILTVLIVMLQYGNFKYSKILYGIKMAVLWLLWPCVIALSVtnAWADFNVNWAYFGISIFMLVVTLVLWIMYFLNSFRLYRRTRSFWAFNPETDSIIVFSVYGTTYSIPVIQAPQGITFTILSGTLLVDGIKIATaVRIDALPQYVTVAKAtTTIVFHRVGKAVNERTQTGWLFFVRSGYGDY
-1,---DIVTHLKNWNFGWNVILTIFIVILQFGHYKYSRVFYGLKMLVLWLLWPLVLALSIFdtWANWDSNWAFVAFSFLMAVSTLVMWVMYFANSFRLFRRARTFWAWNPEVNAITVTTVLGQTYYQPIQQAPTGITVTLLSGVLYVDGHRLAsGVQVHNLPEYMTVAvPSTTIIYSRVGRSVNSQNSTGWVFYVRVKHGDF
-1,--DQAITFLKEWNFSLGVILLLITIILQFGYTSRSMFVYLIKMSILWLMWPLTIILTIFNCFYALNNIFLGLSILFTIISIVIWILYFVNSIRLFIRTGSWWSFNPETNNLMCIDMKGKMYVRPVIEDYHTLTATVIRGHLYIQGVKLGtGYTLADLPVYVTVAKVQVLCTYKRAFLDKLDVNSGFAVFVKSKVGNY
-1,--DNIVTHLKNWNFGWNVILTIFILILQFGHYKYSRIFYGIKMLVLWLLWPLVLALSIFDtyANWNENWAFVALSLFMAIATLIMWVMYFVNSFRLFRRARTFWAWNPEVNAITVTTVLGQTYYQPTLQAPTGITVTLLSGVLYVDGHRIAsGIQVHNLPEYMSVAvPSTTIIYSRVGRSVNSRNNTGWMFYVRVKHGDF
-1,-------------------LTILLVVLQYGHYKYSVFLYGVKMAILWILWPLVLAlsLFDAWASFQVNWVFFSFSILMACITLMLWIMYFVNSIRLWRRTHSWWSFNPETDALLTTSVMGRQVCIPVLGAPTGVTLTLLSGTLLVEGYKVAtGVQVSQLPNFVTVAKAtTTIVYGRVGRSVNASS---------------
-1,TQEELFKVVKEWNFALGIMLFIFITLLQYAYATRSLGLYILKLVLLWLMWPLTFACFVLAAIYHVNVVFMGFAITFAIIVGCMWLGYWIASIRLFRRTGSVWSFNPETNRLLNVAIRGTMYTRPLQEDTAVIVATVARGVAVFAGHKLGRADLESLPNEITVATSRTLSYFKMSRKVNIGVGSGVATYLRYKVGN-
-1,--EVALRVLRDYNLALSAFLTLIICVLQFGYASRNRFFYWIKIITLWLMWPFAIVtsvfsclyppCYSYASRFSNNtsttptpvegnglWSCGSsyaisvnltafvFAIIFAIFTCAAWLFYWIQSTRLYLRVRSWWAFSPDTNYVAVFKMaNDQYFTLPLLEVPMVLSLVYKNNFVYCNGTYLGRIpSMGYLPASCIVGSAEKIARYR------------------------
-1,TSEQIVAIIKDWNFAWSIIFLLITIVLQYGYPSRSMTVYVFKMFILWLLWPLSMALSIFCAVYPIDLSTQIISGILAFISACMWLSYFVQSIRLFMRTGSWWSFNPETNCLLNVPIGGTTVVRPLVEDSTSVTAVVANGHLKIAGMHFGPCDYRSLPNEVTVAKPSVLIALKMVKRQDYGTNSGVAIYHRYKAGNY
-1,TSEQIVAIVKDWNFAWSIIFLLITVVLQYGYPSRSMTVYVFKMLVLWLLWPSSMALSIFCAVYPIDLATQIISGIIAAISGMMWVSYFIQSIRLFRRTGSWWSFNPETNCLLNVPVGGTTVVRPLVEDSTSVTAVVTNGYLKIAGMHFGQCDFRSLPNEVTVAKPNVLIALKMVKRQDYGTNSGVAIYHRYKAGNY
-1,------------------------------------------MFILWILWPLVLALSIFdaWASFGVNWVFFAFSILMACITAVLWIMYFVNSIRLWRRTHSWWSFNPETDSILSVSVLGRHVCLPILGAPTGVTLTLLNGTLLVEGYQVAtGVQVTNLPGFVTVAkSSTTIVYQRVGRSMNVASSTGWAFYVKSKHGDY
-1,TQQQIIAIVKDWNFAWSIIFLLITVVLQYGYPSRSMTVYVIKMLVLWLLWPASIALSVFSAVYPIDLASQIISGILASVSAVMWISYFVQSIRLFMRTGSWWSFNPETNCLLNVPIGGTTVVRPLVEDSTSVTAVVTNGNLKMAGMHFGQCDYAQLPNEITVAKPSVLIALKMVKRQNYGTNSGVAIYHRYKAGNY
-1,TKDEVVNIIKDWNFSWSIIFLLITIVLQYGYPSRSMMVYVFKMFILWLLWPASMALSIFSAIYPISLASQIISGILAAICAVMWLAYFVQSIRLFMRTGSWWSFNPESNCLLNVPIGGTTVVRPLVEDSTSVTAVVNDGHLKMAGMHFGRCDYDRLPMEITVAKPSVLIALKMVKRQSYGTNSGVAIFHRYKAGNY
-1,--EEVLRLVKDWNFTWSVVFLIITIVLQYGYPSRSMFVYVIKMFVLWLLWPSSMALSIFCAVYPIDLASQIISGILAAVSCAMWISYFVQSIRLFMRTGSWWSFNPESNCLLNVPIGGTTVLRPLVEDSTSVTAVVTDGYLNMAGMHFGACDFQRLPSEVTVAKPNVLIALKMIKRQAYGTNSGVAIYHRYKAGNY
-1,--EEVIAVIKDWNFAWSIVFLIITAVLQYGYPSRSMTAYVVKMFMLWLLWPCSIALAVFSAVYPINLVSQIISGLLAAVSVFMWLGYFLQSFRLFRRTGSWWSFNPETNCLLNVPIGGTTVVRPLVEDSTSVTAVVTNGYLKMAGMHFGQCDYSRLPTEITVAKPNVLIALKMVKRQDYGVNSGVAIYHRYKAGNY
-1,TEQQIIAIIKDWNFAWSIVFLLITIVLQYGYPSRSMTVYVFKMFVLWLLWPSSMALSIFSAVYPIDLASQIISGIIAAISGMMWVSYFVQSIRLFMRTGSWWSFNPETNCLLNVPLGGTTVVRPLVEDSTSVTAVVTNGYLKVAGMHFGACDYDRLPNEITVAKPNVLIALKMVKRQSYGTNSGVAIYHRYKAGNY
-1,----------EWQVIV-FIIIIWALgvILQGGYATRARLIYIIKLILLWLLQPFTLVVTIWSAVDNGNNKTGAvfiISIIFAVLTFLSWLRYWYDSIRLVIKTHSAWSFSPESRLLAGInDPMGNWRCIPIDHMAPILAPVVKHGKLKLHGQELAsGVTVSSVPKSMIVVSPSDTFHYTLKK---------------------
-1,-VENFKAILQEWNFALGIILLAFIIILQYAYATRNLGLYVIKLVFLWLLWPVTLTCFVIAAVYYMNYVYLGFSVFFASAIAIMWLGYWIASIRLFRRTGSAWSFSPEANRLLNVAIRGTMYTRPVPEDASIIVATVYRSHLIVAGHKLGRTDLSSLSTEVTVATARTLSYYKLSWRKEAGAGNGVALYARYKVGN-
-1,---------NEWQIIV-FIILIWALgvILQGGYATRNRIIYIIKLILLWLLQPFTLVVTIWTAVENGSKPGGAvfiIAIVFAILTLLSWLRYVYDSIRLVLKTHSAWSFSPESRLLAGImDSMGNWRCIPIDHMAPILTPVLKHGRLKLHGQQLAtGLSVTSPPKSMVVVTPSDTFHYTLRKTIESTDD--------------
-1,----AVQEFEEWSLII-FISIIWALssILQGGYATRYRFVYVIKLVLLWLLQPLTLGFSIYAAVyfampatylkltgestdyinqtnahYQRNYHTsklysrkgldnsetiaqFTLAILFAVLTFVSWCKYMYDSIRLALKTKSAWSFSPETRLIAGiVDMMGNGRCVPLDYMTPILAPVIKHGTLKLHGQKLAsGLSVKTVPKHMAVFTPSDTFHYVLRKTIESTED--------------
-1,--DEILAIVKDWNFAWSILFLIITAVLQYGYPSRSMTAYVLKMFILWLLWPCSIALSVFSAVYPINLASQIIAGLLAGISVFMWLGYFIQSFRLFRRTGSWWSFNPETNCLLNVPIGGTTVVRPLVEDSTSITAVVTNGYLKMAGMHFGQCDFSRLPTEITVAKPNVLIALKMVKRQDYGVNSGVAIYHRYKAGNY
-1,TADEAIKFLKEWNFSLGIILLFITIILQYGYTSRSMFVYVIKMIILWLMWPITIILTTFNCVYALNNVYLGLSIVFTIVAIIMWIVYFVNSIRXXXXXXXXXXXXXXXXXXXXXXXXGTMYVRPIIEDYHTLTVTIIRGHLYIQGIKLGiGYSLADLPAYMSVAKVTHLCTYKRGFLDRISDTSGFAVYVKFKVGNY
-1,--ELALSVLRDYNLALSTFLTLIICVLQFGYASRNRFFYWIKIITLWLMWPFAIVTAVFSCLYPPcygygwaeqlfptqhpttstttnstplpatkvpipqgnglwscgtyghniNITAFVFAIIFAIFTCAAWLFYWIQSTRLYLRVRSWWAFSPDTNYVAVFKMaNDQYFTLPLLEVPMVLSLVYKNNFVYCNGTYLGRIpSMGYLPASCIVGSAEKIARYR------------------------
-1,----------EWQIIV-FIILIWALgvILQGGYATRNRIIYIIKLILLWLLQPFTLVVTIWTAVDAratPSSAVFIIAIVFAVLTFLSWLRYVYDSIRLVMKTHSAWSFSPESRILAGVmDSMGNWRCIPIDHMAPILTPVLKHGKLKLHGQQLAtGIAVTSPPKSMVVVTPSDTFHYSLRKTIESTDD--------------
-1,-VSELTQHLTNWSFSWNIILTIMIIVLQYGFIKYGRVVYALKMFVLWLLWPLVLALSIFNAIVSLNfsYVMFAFCIVLICVTFGLWLAYFVNSIKLYRRTHSPWSFDPSTNAVLCFSVLGRSHAIPVPTVPTGITLTLLSGQLNVEGIPIcSGLNFHDMPEFISVAKPNvTILYEVRSRKGNMTTKTGWVYYVRSKHGDY
-1,----------EWQVIV-FIIIIWALgvILQGGYATRNRIIYIIKLILLWLLQPFTLVVTIWAAVENGNKKTdavFIISVIFAVLTFISWLRYWYDSIRLVMKTHSAWSFSPENRLLAGImDPLGNWRCIPIDHMAPILAPVVKHGKLKLHGQELASaVPVTSPPKSMIVVSPSDTFHYTLKKTIESTDD--------------
-1,--EQAILLFKEYNLFITAFLLFITILLQYGYATRSRLIYILKMIVLWCFWPLNIAVGVISCIYPPNTEGLVAAIILTVFACFSFIGYWIQSIRLFKRCRSWWSFNPESNAVGSILLtNGQQCNFAIESVPMVLAPIIKSGVLYCEGQWLAKCEPDHLPKDIFVCTPDRRNIYRM-----------------------
-1,--EQAILLFKEYNLFITAFLLFITILLQYGYATRSRLLYILKMIVLWCFWPLNIAVGVISCIYPPNTGGLVAAIILTVFACFSFIGYWIQSIRLFKRCRSWWSFNPESNAVGSILLtNGQQCNFAIESVPMVLSPIIKNGALYCEGQWLAKCEPDHLPKDIFVCTPDRRNIYRM-----------------------
-1,--QQAAELFKEYNLFVTAFLLFLTILLQYGYATRSRFIYILKMIMLWCFWPLNIAVGVISCVYPPNTAGLIVAIILTVFACLSFVGYWIQSFRLFKRCRSWWSFNPESNAVGSIFLtNGQQCNFAIESVPMVLSPIIKSGALYCEGQWLAKCEPDHLPKDIFVCTPDRRNIYRM-----------------------
-1,---------EEWQIIV-FIAIIWALgvILQGGYATRNRMIYVLKLILLWLLQPFTLVVTVWAAVDHANKKDAVFivSIIFAVLTFISWAKYWFDSIRLLMKTRSAWALSPESRLLAGImDPMGNWRCIPIDHMAPILTPVVKHGKLKLHGQELAsGISAKSPPQDMVIVSPSDTFHYTFKKPVESNSDPEFA----------
-1,---------EEWQLIV-FIIIVWALgvILQGGYATRFRLIYVIKLVLLWLLQPFTLVVTIWTAVEKGNSPTSAvfiIAIVFAVLTAVSWVRYAYDSIRLVMKTHSAWAFSPESRIIAGiVDGMGNGRCVPLDYMAPILAPVIKHGKLKLHGQELAtGLSVGTVPRDMAVFTPSDTFHYRLWKTVESAADSNVA----------
-1,----------EWQIIV-FIVIIWALgvILQGGYATRNRMVYVIKLILLWLLQPFTLVVTIWTAVDNGAKKDAVFivSIIFAVLTFLSWARYWYDSIRLLMKTRSAWALSPESRLLAGImDPMGTWRCIPIDHMAPILTPVVKHGKLKLHGQELAnGISVKNPPQDMVIVSPSDTFHYSFKKSVESNNDPEFA----------
-1,----------EWQVIV-FIIIIWALgvILQGGYATRTRIIYIIKLILLWLLQPFTLVVTIWAAVDNGSNKTGAvfiISVIFAVLTFLSWLRYWYDSIRLVVKTHSAWSFSPESRLLAGImDPLGNWRCIPIDHMAPILAPVVKHGKLKLHGQELAtGVPVTSPPKGMIVVSPSDTFHYTLKKTIESTDD--------------
-1,TEAQIIAIIKDWNFAWSLIFLLITIVLQYGYPSRSMTVYVFKMFVLWLLWPSSMALSIFNAIYPIDLASHIISGIVNGASAMMWISYFVQSIRLFMRTGSWWSFNPETNCLLNVPIGGTNVLRPLVEDFTSVTAVVTNGHLKMAGMHFGACDYDRLPNEVTVAKPNVLIALKMVKRQSYGTNSGVAIYHRYKAGNY
-1,--EEVVKAVKDWNFAISVFLLFITVLLQWGYPSRCKPLWVVKMCILWLLWPLSIAAAVFAAVYPINTVAFGFAIAFACISGLMWLSYFISSFRLLCRTGSAWSFMPETNMLLNVPLSGRTVTRPILTDSPAIQFLLLRGVIQFDGFNLGRCDPAEMPDIVTVAKPSSLHWYKKALTRNIGAKSAIFVYIKYKVGN-
-1,--EQAVLLFKEYNLFITAFLLFLTILLQYGYATRSRFIYILKMIVLWCFWPINIAVGVISCIYPPNTGGLIAAIILTVFVCLSFMGYWIQSIRLFKRCRSWWSFNPESNAVGSILLtNGQQCNFAIESVPMVLSPIIKNGALYCEGQWLAKCEPDHLPKDIFVCTPDRRNIYRM-----------------------
-1,--EQSVQLFKEYNLFITAFLLFLTIILQYGYATRSKVIYTLKMIVLWCFWPLNIAVGVISCTYPPNTGGLVAAIILTVFACLSFVGYWIQSIRLFKRCRSWWSFNPESNAVGSILLtNGQQCNFAIESVPMVLSPIIKNGVLYCEGQWLAKCEPDHLPKDIFVCTPDRRNIYRM-----------------------
-1,---------EEWQIIV-FIAIIWALgvILQGGYATRNRMIYVLKLILLWLLQPFTLVVTIWAAVDNANDKGALFivSIIFAVLTFISWAKYWYDSIRLLMKTRSAWALSPESRLLAGImDPMGTWRCIPIDHMAPILTPVVKHGKLKLHGQELAnGISVRNPPQDMVIVSPSDTFHYTFKKPVESNNDPEFA----------
-1,--EQAVQLFKEYNLFVTAFLLFLTILLQYGYATRNKVIYILKMLVLWCFWPLNIAVGVISCIYPPNTGGLVAAIILTVFACLSFIGYWIQSIRLFKRCRSWWSFNPESNAVGSILLtNGQQCNFAIESVPMVLSPIIKNGALYCEGQWLAKCEPDHLPRDIFVCTPDRRNIYRM-----------------------
-1,--EQATLLFKEYNLFITAFLLFLTILLQYGYATRSRFIYILKMIVLWCFWPLNIAVGVISCIYPPNTGGLVAAIILTVFACLSFVGYWIQSCRLFKRCRSWWSFNPESNAVGSILLtNGQQCNFAIESVPMVLAPIIKNGVLYCEGQWLAKCEPDHLPKDIFVCTPDRRNIYRM-----------------------
-1,--QQAAELFKEYNLFITAFLLFLTILLQYGYATRSRFIYILKMIVLWCFWPLNIAVGVISCVYPPDIGGLVAAIILTVFACLSFFGYWIQSIRLFKRCRSWWSFNPESNAVGSILLtNGQQCNFAIESVPMVLSPIIKSGALYCEGQWLAKCEPDHLPKDIFVCTPDRRNIYRM-----------------------
-1,--EQAILLFKEYNLSITAFLLFITILLQYGYATRSRVIYILKMIVLWCFWPLNIAVGIISYIYPPNTGGLVAAIILTVFACLSFVGYWIQSIRLFKRCRSWWSFNPESNAVGSILLtNGQQCNFAIESVPMVLSPIIKNGVLYCEGQWLAKCEPDHLPKDIFVCTPDRRNIYRM-----------------------
-1,---------EEWQVIV-LIIIIWALgaILQGGYATRSRMIYIIKLILLWLLQPFTLVVTIWAAVNHGSSKTdavFIISVIFAVLTFCTWLKYWYDSIRLVMKTHSAWSFSPESRLLAGImDPMGNWRCIPIDHMAPVESPVVKHGKLKLHGQELAtGVSVTSPPKGLMVVSPSDTFHYTLKKTIESTDD--------------
-1,TVEELKQLLEQWNLVIGFLCLAWIMLLQFAYSNRNRFLYIIKLVFLWLLWPVTLACFVLAAVYRINWVTGGIAIAMACIVGLMWLSYFVASFRLFARTRSMWSFNPETNILLNVPLRGTIVTRPLMESELVIGAVI------------------------------------------------------------
-1,----------EWQIIV-FIVIIWALgvILQGGYATRNRMIYVIKLILLWLLQPLTLLVTIWTAVENGNQKGAVFivSIIFAVLTFLSWAKYWYDSIRLLTKTRSAWALSPESRLLAGImDPMGTWRCIPIDHMAPILTPVVKHGRLKLHGQELAnGISAKNPPQDMVIVSPSDTFHYSFKKSVESNNDPEFA----------
-1,---------EEWQLIV-FIALVWALgvILQGGYATRNRMIYVIKLILLWLLQPFTLVVTIWAAVVNAKDKTGALfivSIIFAVLTFISWARYWYDSIRLLMKTRSAWALSPESRLLAGImDPMGGWRCIPIDHMAPILTPVVKHGRLKLHGQELAnGVSVRSPPQDMVIVSPSDTFHYTFKKQVESNNDPEFA----------
-1,---EVLAAIKDWNFAVSVLLLFITALLQWGYPSRCKPLWVVKMFILWLLWPLSIAAAVFAAVYPINPVAFGFAIAFACISGLMWLSYFVSSFRLLCRTGSAWSFMPETNMLLNVPLSGRTVTRPILADSPAIQFLILRGEIQFDGFKLGRCDPGEMPDIVTVAKPASLHWYKKALTRNVGVKSAIIVYIKYKVGN-
-1,--QQAILLFKEYNLFITAFLLFITILLQYGYATRSRFIYILKMIVLWCFWPLNIAVGVISCIYPPNTGGLVAAIILTVFACFSFIGYWIQSFRLFKRCRSWWAFNPESNAVGSILLkNGQQCNFAIECVPMVLAPIIKNGVLYCEGQWLAKCEPDHLPKDIFVCTP-------------------------------
-1,---EVIAALKDWNFAVSVILLFITVLLQWGYPSRCKPIWVIKMFILWLLWPLSIAAAVFAAIHPINSVAFGFAIAFACISGIMWLSYFISSFRLLCRTGSAWSFMPETDMLINIPLLGRTVTRPIISDSPAVQFLIIRGELRFDGFTLGRCDPGDMPDIVTIARPNSLHWYKRALTRNIGTRSAILVYIKYKVGN-
-1,---------KDWNFTISVLLLFITVLLQWGYPTKCKPLWVIKMCILWLLWPLSIAAAVFAAVYPINQVAFGFAIAFACISGLMWLSYFVSSFRLLCRTGSAWSFMPETNMLLNVPLLGRTVTRPILADSPAIQFLLVRGEIQFEGFRLGRCDPGDMPDIVTVAKPASLHWYKKALTRNIGAKSAIIVYIKYKVGN-
-1,--EQSVELFKEYNLFITAFLLFLTILLQYGYATRSRFIYIMKMIVLWCFWPLNIAVGVISCIYPPNTGGLVAAKILTVVACLSFEGYWIQSIRLFKRGGQWWAFNPESNAVGSIlLSNGQQCNFAIESVPMVLSPIIKNGVLYCEGQWLAKCEPDHLPKDIFVCPPDRRNIYRM-----------------------
-1,---EVLAAVRDWNFTLSLFLLFITILLQWGYPTRCKPLWVVKMCILWLLWPLSIAAAVFAAVYPINQVAFGFAIAFACISGLMWLCYFISSFRLLCRTGSAWSFMPETDMLLNVPLLGRTVTRPILADSPAIQFLLVRGEIQFEGFKLGRCDPGDMPDIVTVAKPASLHWYKKALTRNIGVKSAIIVYIKYKVGN-
-1,------------------------------------------------LWPIVIALTIFDAIEtfrHERYVMFGFSIALGVVTLILWVMYFVNSFRLYRRTGSWWSFNPETNAIICVSVMGRNITMPTPVCPTGITLTLLSGTLFVEGQRAAtGVNLDNLPNYVTVAKPgVTIVYHRVGKSIRVSTATGWMYYVKSKAGDY
-1,---------EEWQIIV-FIVIVWALgvILQGGYATRNRMIYVIKLILLWLLQPFTLVVTIWAAVEHGveKDALFIVSIIFAVLTFISWARYWYDSIRLLMKTRSAWALSPESRLLAGImDPMGGWRCIPIDHMAPILTPVVKHGRLKLHGQELAnGVSVRSPPQDMVIVSPSDTFHYTFKKQVESNNDPEFA----------
-1,---------EEWQIIV-FIAIIWALgvILQGGYATRNRVIYVIKLILLWLLQPFTLVVTIWTAVDRSSKKDAVFivSIIFAVLTFISWAKYWYDSIRLLMKTRSAWALSPESRLLAGImDPMGTWRCIPIDHMAPILTPVVKHGKLKLHGQELAnGISVRNPPHDMVIVSASDTFHHHIKKRVESNNDPEF-----------
-1,--QQAAELFKEYNLFVTAFLLFLTILLQYGYATRSKVIYILKMIVLWCFWPLNIAVGVISCIYPPNTGGLVASIILTVFACLSFVGYWIQSIRLFKRCRSWWAFNPESNAVGSILLtNGQQCNFAIESVPMVLSPIIKNGVLYCEGQWLAKCEPDHLPRDIFVCTPDRRNIYRM-----------------------
-1,---EVIAALKDWNFAVSVILLFITVLLQWGYPSRCKPIWVIKMFILWLLWPLSIAAAVFAAIHPINSVAFGFAIAFACISGIMWLSYFISSFRLLCRTGSAWSFMPETDMLINIPLLGRTVTRPIISDSPAVQFLIIRGELRFDGFTLGRCDPGDMPDIVTIARPNALHWYKRALTRNMYTRSAILVYIKYKVGN-
-1,--QQATELFIEYNLFVTAFFLTLTILLQYGYATRSRVVYILKMIVLWCFWPLNIAVGVVSCIYPPNTGGLVAAIILTVFACLSFVGYWIQSIRLFKRCRSWWSFNPESNAVGSILLtNGQQCNFAIESVPMVLSPIIKNGALYCEGQWLAKCEPDHLPKNIFVCTPDRRNIYRM-----------------------
-1,------------------------------------------------------------------YVMFGFSVAGAVITFALWMMYFVRSIQLYRRTKSWWSFNPETNAILCVNALGRSYVLPLDGTPTGVTLTLLSGNLYAEGFKMaGGLTIEHLPKYVMIATPsRTIVYTLVGKQLKATTATGWAYYVKSKAGD-
-1,----------EWQLIV-FIIIIWALgvILQGGYATRNRIIYIIKLILLWLLQPFTLVVTIWTAVDkrhEPSSAVFIIAIVFAVLTFLFWLRYVYDSIRLVLKTHSAWSFSPESRLLAGVmDNMGNWRCIPIDHTSPILTLTLKEAKLKLHGQQIaAGISVNSPPKSVLVVSPSDTLHYSLKKTIE-SNDRDFAVFI-------
-1,--EEVFKAVRDWNFAVAILLLFVTILLQWGYPSRIKAIWVVKMFILWLLWPVSIAASVFAAVYPINKVAFGFAIAFACITALMWLSYFVSSLRLLCRTGSWWAFMPETNMLLNVPFIGRTVTRPILNDSAALQFFVLRGQVQFDGFILGKCAPQEMPEVVTVAKASSLVWYKKALTRTVGPKSGVVVYIKFKVGN-
-1,--QQAAELFKDYNLFITAFLLFLTILLQYGYATRSRIIYILKMIVLWSFWPLNIAVGVISCIHPPDTGGLVAAIILTVFACLSFIGYWIQSIRLFKRCRSWWSFNPESNAVGSILLtNGQQCNFAIESVPMVLSPIIKSGALYCEGQWLAKCEPDHLPKDIFVCTPDRRNIYRM-----------------------
-1,---------EEWQIIV-FIAIIWALgvILQGGYATRNRVIYVIKLILLWLLQPFTLVVTIWTAVDRSSKKDAVFivSIIFAVLTFISWAKYWYDSIRLL----SAWALSPESRLLAGImDPMGTWRCIPIDHMAPILTPVVKHGKLKLHGQELAnGISVRNPPQDMVIVSPSDTFHYTFKKPVESNSDPEFA----------
-1,--QQATELFIEYNLFVTAFFLTLTILFQYGYATRSRIIYIFKMLVLWCFWPLNIAVGVISCIYPPNTAGLVAAIILTVFVCLSFVGYWIQSFRLFKRCRSWWSFNPESNAVGSILLtNGQQCNFAIESVPMVLSPIIKNGALYCEGQWLAKCEPDHLPKDIFVCTPGRRNIYRM-----------------------
-1,--EQAVLLFNEYNLFITAFLLFLTILLQYGYASRSRIIYILKMIVLWCFWPLNIAVGVISCIYPPNTGGLVAAIILTVFACLSFVGYWIQSCRLFKRCRSWWSFNPESNAVGSILLtNGQQCNFVIESVPMVLAPIIKNGVLYCEGQWLAKCEPDHLPKDIFV----------------------------------
-1,---------EKWQIIV-FIAIIWALgvILQGRYATRNRVIYVIKLILLWLLQPFTLMVTIWTAVDRSSNKDAVFivSIIFAVLTFISWARYWYDSIRLLMKTTSAWALSPESRLLAGImDPMGTWRCIPIDHMAPILTPVVKHGKLKLHGQELAnGISLRNPPQDMVIVSPSDTFHYTFKKPVESNNDPQFA----------
-1,---EVLASVSDWNFTLSLFLLCITILLQWGXPTRCKPLWVVKMCILWLLWPLSIAAAVFAAVYPINQVAFGFAIAFACISGLMWLCYFISSFRLLCRTGSAWSFMPETDMLLNVPLLGRTVTRPILADSPAIQFLLVRGEIQFEGFRLGRCDPSDMPDIVTVAKPASIHWYKKALTRNIGVKSAIIVYIKYKVGN-
-1,--EEAVWVFKEYNLFLTAFLLFMSMILQYGYATRSRFMYVIKMIVLWLFWPLNIAVGVISCIYPVGTGGLVAAIVLTIFACLSFVGYWVQSIRLFKRCKSFWAFNPESDAVGSISLtTGQTCTFSIESVPMVLSPIIKAGVLYCEGQWLAKCTPSEVPQHIYVCTPdRRNVYKRV-----------------------
-1,--QQATELFIEYNLFVTAFFLTLTILFQYGYATRSRIIYIFKMLVLWCFWPLNIAVGVISCIYPPNTAGLVAAIILTVFACLSFVGYWIQSFRLFKRCRSWWSFNPESNAVGSILLtNGQQCNFAIESVPMVLSPIIKQGALYCEGQWLAKCEPDHLPKDIFVCTPDRRNIYRM-----------------------
-1,--EQSVELFKEYNLFITAFLLFLTILLQYGYATRNKVIYILKMLVLWCFWPLNIAVGVISCIYPPNTGGLVAAIILTVFACLSFIGYWIQSIRLFKRCRSWWSFNPESNAVGSILLtNGQQCNFAIESVPMVLSPIIKNGALYCEGQWLAKCEPDHLPK--------------------------------------
-1,---------KDWNFAVSIFLLFITILLQWGYPSRCKPLWVVKMCILWLLWPLSIAAAVFAAVYPINPVAFGFAIAFACISGLMWLSYFISSFRLLCRTgsGSAWSFMPETNMLLNVPLLGRTVTRPILADSLAIQFLLVRGEIQFDGFKLGRCDPGDMPDIVTVAKPASLHWYKKALTRNIGAKSAIIVYIKYKVGN-
-1,--EQAIQLFKEYNLFITAFLLFLTILFRYGYATRSRFIYIVKMIVLWCFWSLNFAVGVISCIYPPNTGGLVGAIILTVFVCISFIGYWIQSCRLFKRCRSFWAFNPESNAVGSIlLVDGRQCNFAIDSVPMVLSPIIKNGVLYSEGQWLAKCEPDHLPKDIFVCTPDKRNIYRM-----------------------
-1,---EVMAALRDWNFAISVVLLFITALLQWGYPTRCKPLWVIKMCILWLLWPVSIAAAVFAALYPINDVAFGFAITFACISSIMWLSYFISSFRLLCRTGSPWSFMPETNMLLNVPLIGRTVTRPILADSPAVQFLILRGDLRFEGFNLGQCRPGEMPDTVTVAKAASLHWYKKALTRAIGKESAIIVYIKYKVGN-
-1,TKDEVVNIIKDWNFSWSIIFLLITIVLQYGYPSTSMMVYVFKMFILWLLWPASMALSIFSAIYPITIASQIISGILAAICAVMWLAYLVQSIRLFMRTGSWWSFN-ESNCLLNVPIGGTTVVRPLVEDSPSVTAVVNDGHLKMAGMH-GRCDYDRLPMEITVAKPSVLIALKMVKRQSYRTNSVVAIFHRYKAGNY
-1,-VNQAEKVFKEYNLFLTCFFLFMTFVLQYGYATRSRFMYIIKMIVLWLFWPLNIAVGVLSCMWPVNTGGFVAAIVLTIMAILAFLGYWIQSIRLFKRCASFWAFNPESNAVGSINLNNGTVCkFSIESVPMVLSPIIKAGVLYCEGQWLTKCTPSEVPNYMYVCTP-------------------------------
-1,--EQAVQLFKEYNLFITAFLLFLTILLQYGYASRSRFIYILKMIVLWCfwplikmvvlwqFWPLIIAGGLISCIYPVDTGGFAAAIVLTIFACLSFVGYWIQSIRLFKRCKSFWAFNPESNAVGSISLtNGQTCNFSVESVPMVLSPIIKAGVLYCEGQWLAKCTPSEVPQHIYVCTPdRRNVYKRV-----------------------
-1,---------EEWQLIV-FIILIWALgvILQGGYATRNRIIYIIKLVLRRL--P------IWTAVDKGSepgSAVFIIAIVFAVLTFVSWLRYVYDSIRLVLKTHSAWSFSPESRLLAGImDNMGNWRCIPIDHMAPILTPVLKHGKLKLHGQQLAtGISVTSPPKSMVVVTPSDTFHYSLKKTIESSDD--------------
-1,----------------------------------------------------------------------------------LWIMYFVRSIQLYRRTKSWWSFNPETNAILCVSAFGRSYVLPLEGTPTGVTLTLLSGNLYAEGFKMaGGMNIDHLPKYVMVAlPSRTIVYTLVGKQLKASSATGWAYYVKSKAGD-
-1,--------FNNWTIFLGVFLLFFGLLLQYGYLHRSFVLYLFKLLLLLLIWPITMTLCVWNFVFQTTSAALGFNICLFVLALFMLIWYLFQSIRLFLRTYSFWSFNPESYGLFNFKYgKGHHKFMPCDGPRPYFCLIMRDYSIFVDGYKLVRVgDFDQMPQYCRVHVPGTTFMYKKIRGVKLGDGYGVVLYEK------
-1,----------------------------------------------------------------------------------LWIMYFVRSIQLYRRTKSWWSFNPETNAILCVSALGRSYVLPLEGVPTGVTLTLLSGNLYAEGFKIaGGMNIDNLPKYVMVAlPSSTIVYTIVGKKLKASSATGWAYYVKSKAGD-
-1,-----------------------------------------------------------------------FSIAGAIVTFVLWIMYFVRSIQLYGRTKSWWSFNPETNAILCVSALGRSYVLPLEGVPTGVTLTLLSGNLYAAGFKIaGGMNIDNLPKYVMVALPiTTIVYTLVGKKLKASTATGWAYYVKS-----
-1,--EQAVLLFKEYNLFITAFLLFLTILLQYGYATRNKVIYILKMLVLWCFWPLNIAVGVISCIYPPNTGGLVAGIILTVFACLSFVGYWIQSIRLFKRCRSWWHLADlcRSSILLT---NGQQCNFAIESVPMVLAPIIKNGVLYCEGQWLAKCEPDHLPKDIFVCTPDRRNIYRM-----------------------
-1,-----------------------------------------------------------------------------IITFVLWIMYFVRSIQLYRRTKSWWSFNPETNAILCVSALGRNYVLPLEGVPTGVTLTLLSGNLYAEGFKIaGGMNIDNLPKYVMVAlPSRTIVYTLVGKQLKASSATGRSYYVKSKAG--
-1,---------NEWQIIV-FIVIIWalGLILQGGYATRFRFVYIIKLILLWVLQPFTLVVTIWTAVENGSKPASALFIvpvVFAILTFVSWIRYLYDSIRLVIKTKSPWSFSPESRLLACMhDGTGNMRTVPIDYLPTALCPVLVRGKFMLHGQVMATqMSLSQAPKVLYVATPSHTYHYALRK---------------------
-1,TQQQAAELFKEYNVFVTAFLLFLSILLQYGYATRSRFIYILKMILLWCFWPLNIAVGVISCIFPPN-TGGSFVaaiILTVCGCLVFFLGYWIQSIRLFKRGRSWGAIKPRSYAggpiLLT---NGQQCNFAIESVPVVLSPIIKNGVLYCEGQWLAKCEPDHLPKDIFVCTPDRRNIYRM-----------------------
-1,----------EWQLIV-FIILIWALgfILQGGYAARHKVIYVIKLILLWLLQPFTLVVTIWTAVDngaQPSSAVFIIAIIFAILTFVIWLKYWYDSIRLVIKTKSGWSFSPETRLLVCaIDGMGNVKCAPVDHLPTALTPVLVMGRFMLNGQLLmAQQTVQTAPRALYVMTPSQTYHFTLKK---------------------
-1,TIQQATEMFTEYNLFVSAALLFFTIILQYGYSTRVRLVYIVKIFFMWLFWPLSIAAGVISCVYRPNMGGLVAAIILTILSILTFTGYWIQSLRLFKRSRSFWALNPESNCVGTITLKNGKVChFSVETVPMVLAPIIKAGNLYCEGQWLTKCTTTDVPQYMYVCTP-------------------------------
-1,--EVIVQTLKEWNFTINIVLLLVLAVLQFGYIRVSKLIYTVKMVIIWILWPLTAALGVYNAyvNYGSNWLFFAFSIVLAVVSLIFLLMYFINSLRLYRRTFSMWSWSPNTTFILCVDSKDLSHCLPIHNIPSVVVLSCVKGDLVVDGVRIKQhFTRDGLPSKVAVAAPSKTVVYVRDQAnfgLGGDGSTFWVNYVPRTAGNY
-1,----------EWQLIV-FIVIIWALgiILQGGYATRFRFTYILKLILLWVLQPFTLVVTIWTAVDKGSEPTSAlfiIAVIFSVLTFVSWAKYWYDSIRLAIKTKSAWALSPESRLLACmLDNSGIMHAVPLDYLPTALCPVLVRGKFMLHGQCVAKqMTLSSVPRAFYVATPSHTYHYSLRK---------------------
-1,--EQAILLFKEYNLFITAFLLFITILLQYGYATRMRLIYIRKMTLLRCFWPLNIALRVISCVYPPNTGRLVAAMILTGFACFSFISYWIQSIRLFKRCRSCGSFNPESIAVGSIlRTIGPQCKFAGESEPLDLSPIINKSALYCEGQWLAKCEPYHLPKHLCVWTPERLYIYLM-----------------------
-1,---------------------------------------------------------------------------------------------------SWWSFNPETNAILCLSAVGKRFVLPLNGAPTGVTLTLLSGNLYAEGFKVGsGVNVDNLPKYIMVATPgNTIIYHQVGKSLKASSATGWSYYVRAKAGDY
-1,-----------------------------------------------LMWPLTIILTTFNCVYALNNVYLGLSIVFTIVAIIMWIVYFVNSIRLFIRTGSFWSFNPETNNLMCIDMKGTMYVRPIIEDYHTLTVTIIRGHLYIQGIKLGiGYSWADLP---------------------------------------
-1,--------------------------LQYGHYKYSVFLYGVKMAILRILWPLVLAlsLFDAWASFQVNWVFFAFSILMACITLMLWIMYFVNSIRLWRRTHSWWSFNPETDALLTTSVMGRQ----------------------------------------------------------------------------
-1,-------------------------------------------------------------------------------------------------THSWWSFNPETDALLTTSVMGRQICIPVLGTPTGVTLTLLSGTLLVEGYKVAtGVQVSQLPNFVTVAKAtTTIVYGRVGRSVNASSGTGWAFYVRSKHGDY
-1,--------------------------------------------------------------------------------------------------------------ILCLSSVGRRFVLPLNGAPTGVTLTLLSGNLYAEGFKVGsGVNVENLPKYIMVATPgNTIVYHQVGKSLKASSATGWSYYVRAKAGDY
-1,--EQAVLLFKEYNLFITAFLLFLTILLQYGYATRSRIIYILKMIVLWCFWPLNIAVGVISCIYPPNTGGLVAAIILTVFVCLSFVGYWIR-VRLFSGVGH-GGLLPRVYAVSSILLtNGQQCNFAIESVPMVLAPIIKNG---------------------------------------------------------
-1,-IEQAVQLFKEYNLFITAFLLFLTLLLQYGYATRSRFIYILKMIVLWCFWPLNIAVGVISCIYPPNTGGLVAAIILTVFACLSFIGYWIQ----------------------------------------------------------------------------------------------------------
-1,-------------------------------------------------------------------------------------------------------------------------VLPLEGTPTGVTLTLLSGNLYAEGFKMaGGMNVEHLPKYVMVAlPSRTIVYTLVGKQLKASSATGWSYYVKSKAGDY
-1,--------------------------------------------------------------------------------------------------------------------------------PTGVTLTLLSGNLYAEGSKIaGGMNIDNLPKYVMVAlPSRTIVYTLVGKKLKASSATGWAYYVKSKAGDY
-1,----------------------------------------------------------------------------------------------------------------------------------GVTLTLLSGNLYAEGFKIaGGMNIDNLPKYVMVAlPSRTIVYTLVGKKLKASSAPGWAYYVKSKAGDY
-1,-------HLANWNFSWSVILIVFITVLQYGRPQFSWFVYGIKMLIMWLLWPIVLALTIFNAysEYQVS----------------------------------------------------------------------------------------------------------------------------------
-1,-------HLANWNFSWSVILIIFITVLQYGRPQFSWLVYGIKMLIMWLLWPIVLALTIFNAysEYQVS----------------------------------------------------------------------------------------------------------------------------------
-1,-------HLANWNFSWSVILIVFITVLQYGRPQFSWLVYGIKMLIMWLLWPIVLALTIFNAysEYQVS----------------------------------------------------------------------------------------------------------------------------------
-1,-------HLANWNFSWSVILIVFITVLQYGRPQFSWLVYGIKMLIMWLLWPIVLALTIFNAysEYQVS----------------------------------------------------------------------------------------------------------------------------------
-1,-------HLANWNFSWSVILIVFITVLQYGRPQFSWLVYGIKMLIMWLLWPIVLALTIFNAysEYQVS----------------------------------------------------------------------------------------------------------------------------------
-1,-------HLANWNFSWSVILIIFITVLQYGRPQFSWLVYGIKMLIMWLLWPIVLALTIFNAysEYQVS----------------------------------------------------------------------------------------------------------------------------------
-1,-------HLANWNFSWSVILIVFITVLQYGRPQFSWLVYGIKMLIMWLLWPIVLALTIFNAysEYQVS----------------------------------------------------------------------------------------------------------------------------------
-1,-------HFANWNFSWSVILIIFITVLQYGRPQFSWLVYGIKMLIMWLLWPIVLALTIFNAysEYQVS----------------------------------------------------------------------------------------------------------------------------------
-1,-------HLSNWNFSWSVILIVFITVLQYGRPQFSWLVYGIKMLIMWLLWPIVLALTIFNAysEYQV-----------------------------------------------------------------------------------------------------------------------------------
-1,-------HLANWNFSWSVILIVFITVLQYGRPQFSWLVYGIKMLIMWLLWPIVLALTIFNA---------------------------------------------------------------------------------------------------------------------------------------
-1,--------------------------------------------------------------------------------------------------------------------------------PTGVTLTLLSGISYAQGSKIaGGMNIDHLPKYVMVAlPSRTIVYTLVGKKLKASSATGWAYYVKSKAGVY
-1,--------------------------------------------------------------------------------------------------------------------------------------------LYAEGFKVaGGMNIEHLPKYVMVAlPSRTIVYTLVGKQLKASSATGWAYYVKSKAGD-
-1,--EQAVQLFKEYNLFITAFLLFLTILLQYGYATRSRF---------------------------------------------------------------------------------------------------------------------------------------------------------------
-1,--EQAVQLFKDYXLFITAFLLFLTILLQYGYATRS-----------------------------------------------------------------------------------------------------------------------------------------------------------------
-1,--EQAVQLFKEYXLFVTAFLLFLTILLQYGYATRS-----------------------------------------------------------------------------------------------------------------------------------------------------------------
-1,--EQSVELFKEYXLFITAFLLFLTIILQYGYATRS-----------------------------------------------------------------------------------------------------------------------------------------------------------------
-1,TVEELKKLLEQWNLVIGFLFLTWICLLQFAYANRNRFLYIIKLIFLWLLWPVTLACFVLAAVYRINWITGGIAIAMACLVGLMWLSYFIASFRLFARTRSMWSFNPETNILLNVPLHGTILTRPLLESELVIGAVILRGHLRIAGHHLGRCDIKDLPKEITVATSRTLSYYKLGASQRVAGDSGFAAYSRYRIGNY
-1,TADEAIKFLKEWNFSLGIIVLFITIILQFGYTSRSMFVYVVKMVILWFMWPLTIILTIFNCVYALNNVYLGFSIVFTIVAIIMWVVYFVNSIRLFIRTGSWWSFNPETNNLMCIDMKGRMYVRPIIEDYHTLTATIIRGHLYIQGIKLGtGYSLSDLPAYVTVAKVTHLCTYKRGFLDRIGDTSGFAVYVKSKVGNY
-1,-ADEAIKFLKEWNFSLGITLLVITIILQFGYTSRSMFIYVIKMIILWLMWPLTIILTIFNCVYALNNVYLGFSIVFAIVSIIMWIVYFVNSIRLFIRTGSWWSFNPETNNLMCIDLKGRMYVRPVIEDYHTLTCTLMRGTLYIQGIKLGsGYSLHDLPAYVTVAKVSHICTYKRVSTDRIGSDmSGFAVYVKSKVGNY
-1,TADEAVQFLKEWNFSLGIILLFITIILQFGYTSRSMFIYVVKMIILWLMWPLTIVLCIFNCVYALNNVYLGFSIVFTIVSIVMWIMYFVNSIRLFIRTGSWWSFNPETNNLMCIDMKGTVYVRPIIEDYHTLTATIIRGHLYMQGVKLGtGFSLSDLPAYVTVAKVSHLCTYKRAFLDKVDGVSGFAVYVKSKVGNY
-1,TADEAIRFLKEWNFSLGIILLVITIILQFGYTSRSMFVYVIKMIILWLMWPLTIILVIFNCVYALNNVYLGFSIVFAIVSIIMWIVYFVNSIRLFIRTGSWWSFNPETNNLMCIDMKGRMFVRPIIEDYHTLTVTIIRGHLYIQGIKLGtGYTLSDLPAYVTVAKVTHICTYKRAFLDKIGDISGFAVYVKSKVGNY
-1,TAEEAVRFLKEWNFSLGIILLVITIILQFGYTSRSMFVYVVKMIILWLMWPLTIVLTIFNCVYALNNVYLGFSIVLAIVSIIMWIVYFVNSIRLFIRTGSWWSFNPETNNLMCIDMKGKVYVRPVIEDYHTLTATIIRGHLYIQGVKLGtGYALSDLPAYVTVAKVQHLCTYKRAFLDKIDGTSGFAVYVKSKVGNY
-1,TADEAIKFLKEWNFSLGIILLFITVILQFGYTSRSMLVYVVKMIILWLMWPLTIILTIFNCVYALNNVYLGFSIVFTIVAIIMWIFYFVNSIRLFIRTGSWWSFNPETNNLMCVDMKGKMYVRPIIEDHHTLTATIIRGHLYFQGVKLGiGYSLSDLPVYVTVAKVSHLCTYKRGFLDKIGDNSGFAVYVKSKVGNY
-1,TADEAIRFLKEWNFSLGIILLFVTIILQFGYTSRSMFVYVVKMILLWLMWPLTIVLCIFNCVYALNNVYLGFSIVFTIVSIIMWIMYFVNSIRLFIRTGSWWSFNPETNNLMCIDMKGTVYVRPIIEDYHTLTATIIRGHLYMQGVKLGtGFSLSDLPAYVTVAKVSHLCTYKRAFLDKVDGVSGFAVYVKSKVGNY
-1,TADEAIKFLKEWNFSLGIILLFITIILQYGYTSRSMFVYVIKMIILWLMWPITIILTTFNCVYALNNVYLGLSIVFTIVAIIMWIVYFVNSIRLFIRTGSFWSFNPETNNLMCIDMKGTMYVRPIIEDYHTLTVTIIRGHLYIQGIKLGiGYSLADLPAYMSVAKVTHLCTYKRGFLDRISDTSGFAVYVKFKVGNY
-1,-VEEVVEHLRNWNFSWNVILTLFLIVLQYGQFKYSKVLYGLKMAILWLLWPLVLALSIFdaWANFGDNWVMFAFSIVMACTTLVMWLMYFINSFRLYRRTQSFWAFNPETDAIITVSVLGRTVAIPVLTPPTGITLTVLSGKLLVEGIPVAnGVTVHSLPNFVTVAKAtTTIIYQRAGRSLNAANQTGWVFYVRAKNGDY
-1,-VEEVVEHLRNWNFSWNVILTLFLIVLQYGQFKYSKVLYGLKMAILWLLWPLVLALSIFdaWANFGDNWVMFAFSIVMACTTLVMWLMYFINSFRLYRRTQSFWAFNPETDAIITVSVLGRTVAIPVLTPPTGITLTVLSGKLLVEGIPVAnGVTVHSLPNFVTVAKAtTTIIYQRAGRSLNAANQTGWVFYVRAKNGDY
-1,-SDQAITFLKEWNFSLGVILLLITIILQFGYTSRSMFVYLIKMIILWLMWPLTIILTIFNCFYALNNVFLGLSILFTIISIVIWILYFVNSIRLFIRTGSWWSFNPETNNLMCIDMKGKMYVRPVIEDYHTLTATVIRGHLYIQGVKLGtGYTLADLPVYVTVAKVQVLCTYKRAFLDKLDVNSGFAVFVKSKVGNY
-1,TVEELKQLLEQWNLVIGFLFLAWIMLLQFAYSNRNRFLYIIKLVFLWLLWPVTLACFVLAAVYRINWVTGGIAIAMACIVGLMWLSYFVASFRLFARTRSMWSFNPETNILLNVPLRGTIVTRPLMESELVIGAVIIRGHLRMAGHPLGRCDIKDLPKEVTVATSRTLSYYKLGASQRVGTDSGFAAYNRYRIGNY
-1,TVEELKQLLEQWNLVIGFLFLAWIMLLQFAYSNRNRFLYIIKLVFLWLLWPVTLACFVLAAVYRINWVTGGIAIAMACIVGLMWLSYFVASFRLFARTRSMWSFNPETNILLNVPLRGTIVTRPLMESELVIGAVIIRGHLRMAGHPLGRCDIKDLPKEITVATSRTLSYYKLGASQRVGTDSGFAAYNRYRIGNY
-1,--EQAVQLFKEYNLFITAFLLFLTILLQYGYATRSRFIYILKMVVLWCFWPLNIAVGVISCIYPPNTGGLVVAIILTVFACLSFIGYWIQSIRLFKRCRSWWSFNPESNAVGSIlLINGQQCNFAIESVPMVLSPIIKSGFLYCEGQWLAKCEPDHLPKDIFVCTPDRRNTYRMVQkytGDQSGNKKRFATFVYAK----
-1,--EQAVQLFKEYNLFITAFLLFLTILLQYGYATRSRFIYILKMVVLWCFWPLNIAVGVISCIYPPNTGGLVVAIILTVFACLSFIGYWIQSIRLFKRCRSWWSFNPESNAVGSIlLINGQQCNFAIESVPMVLSPIIKSGFLYCEGQWLAKCEPDHLPKDIFVCTPDRRNTYRMVQkytGDQSGNKKRFATFVYAK----
-1,-----IWHLANWNFSWSIILIFFITVLQYGRPQSSWFVYGIKMLIMWLLWPIVLALTIFNAysEYQvPRYVMFGFSVAGAVVTFALWMMYFARSIQLYRRTKSWWSFNPETNAILCVNALGRSYVLPLDGTPTGVTLTLLSGNLYAEGFKMaGGLTIEHLPKYVMIATPSRTIVYTLvGKQLKATTATGWAYYVKSKAGDY
-1,TMGEVVHHLRNWNFSWNVILTIFLVVLQYGNFKYSRFLYGLKMTILWLLWPIVLALSIFdaWANFNVNWVMFAFSILLACITFVLWVMYFVNSIKLWRRTSSWWAFNPETDAILTTTVLGRNICMPVHGAPTSVTLTLLNGTLLIEGYKAAtGLQIHNLPSYVTVAKSyTTVVYNRVGKSANVGSSTGWAFYIKSKHGDF
-1,-----IWHLANWSFSWSIILIVFITVLQYGRPQFSWFVYGIKMLIMWLLWPVVLALTIFNAysEYQVSrYVMFGFSIAGAIVTFVLWIMYFVRSIQLYRRTKSWWSFNPETKAILCVSALGRSYVLPLEGVPTGVTLTLLSGNLYAEGFKIaGGMNIDNLPKYVMVALPSRTIVYTLvGKKLKASSATGWAYYVKSKAGDY
-1,-----IWHLANWNFSWSVILIVFITVLQYGRPQFSWLVYGIKMLIMWLLWPIVLALTIFNAysEYQVSrYVMFGFSVAGAVVTFALWMMYFVRSIQLYRRTKSWWSFNPETNAILCVNALGRSYVLPLDGTPTGVTLTLLSGNLYAEGFKMaGGLTIEHLPKYVMIATPSRTIVYTLvGKQLKATTATGWAYYVKSKAGDY
-1,------WHLLNWNFSWSVILTVFVAVLQYGNLKYSMILYILKMIIMWLLWPIVIALTIFDAIetfNQERYVMFGFSIALGVVTLILWIMYFVNSFRLYRRTNSWWSFNPETNAIICVSVMGRNITMPTPVCPTGVTLTLLSGTLYVEGQRAAtGVNLDNLPSYVTVAKPgVTIVYHRVGKSVRVSTATGWMYYVKSKAGDY
-1,-----IWHLMNWNFSWSMVLIVFISILQYGRPQFSWFMYGIKMLIMWLLWPLVLALTIFNAysEYaNSRYVMFGFSVAGAVVTLVMWVMYFARSIQLWRRTRTWWSFNPETNAILCLSXVGKRFVLPLNGAPTGVTLTLLSGNLYAEGFKVGsGVNVENLPKYLMVATPgNTIVYHQVGKSLKASSATGWSYYVRSKAGDY
-1,-----IWHLANWNFSWSVILIVFITVLQYGRPQFSWLVYGIKMLIMWLLWPIVLALTIFNAysEYQVSrYVMLGFSVAGAVVTFALWMMYFVRSVQLYRRTKSWWSFNPETNAILCVNALGRSYILPLDGTPTGVTLTLLSGNLYAEGFKMaGGLTIEHLPKYVMIATPSRTIVYTLvGKQLKATTATGWAYYVKSKAGDY
-1,-----IWHLMNWNFSWSVLLILFITILQYGRPQVSWFIYGIKMLIMWLLWPLVLALTIFNAysEYiNSRYVMFGFSVTGSVLTLILWVMYFVRSIQLWRRTRTWWSFNPETNAILCLNAVGNRFVLPLNGAPTGITLTLLSGNLYAEGFKVgGGVNVENLPKYVMVATPgNTIVYHQVGKSLKAANSTGWSYYVRAKAGDY
-1,-SEQAILLFKEYNLSITAFLLFITILLQYGYATRSRVIYILKMIVLWCFWPLNIAVGIISYIYPPNTGGLVAAIILTVFACLSFVGYWIQSIRLFKRCRSWWSFNPESNAVGSILLtNGQQCNFAIESVPMVLSPIIKNGVLYCEGQWLAKCEPDHLPKDIFVCTPDRRNIYRMVQkytGDQGGNKKRFATFVYAK----
-1,TSEEVYNHLVNWNFAWNIFLTVVIVILQYGHWKYSRVLYALKMLVLWLLWPCVLALSIFDTVinFGRNWGMFVVSLLMSIITAVLWLMYFVNSFRLYRRARSFWAFNPETNALISVQIFGFQYVQPVMAVPTGITLTLLNGNLLIDGFKVAsGVQISNLPQYLTVAKPnTTIIYERAGRSLNVTHNSGWVFYVKSKFGDY
-1,--EQSVQLFKEYNLFITAFLLFLTIILQYGYATRSKVIYTLKMIVLWCFWPLNIAVGVISCTYPPNTGGLVAAIILTVFACLSFVGYWIQSIRLFKRCRSWWSFNPESNAVGSILLtNGQQCNFAIESVPMVLSPIIKNGVLYCEGQWLAKCEPDHLPKDIFVCTPDRRNIYRM-----------------------
-1,---QAAELFKEYNLFVTAFLLFLTILLQYGYATRNKVIYILKMIVLWCFWPLNIAVGVISCIYPPNTGGLVASIILTVFACLSFVGYWIQSIRLFKRCRSWWAFNPESNAVGSILLtNGQQCNFAIESVPMVLSPIIKNGFLYCEGQWLAKCEPDHLPKDIFVCTPDRRNIYRMVQrytGDQSGNKKRFAtfIYVKQSV---
-1,-----IWHLMNWNFSWSIILITFIAILQYGRPQYSWFIYGVKMLIMWLLWPIVLALTIFNAysEYiNSRYVMFSLSVAGSVVTLIMWVTYFVRSIQLWRRTRTWWAFNPETNAILCLSAVGKRFVLPLNGAPTGVTLTLLSGNLYAEGFKVGsGVNVDNLPKYIMVATPgNTIIYHQVGKSLKASSATGWSYYVRAKAGDY
-1,-------HLRNWNFSWNLILTVFIVVLQYGHYKYSRFLYGLKMSVLWCLWPLVLALSIFDCfvNFNVDWIFFGFSILMSIITLCLWVMYFVNSFRLWRRVKTFWAFNPETNAIISIQVYGHNYYLPVMAAPTGVTLTLLSGVLLVDGHKIAtRVQVGQLPKYVIVATPStTIVCDRVGRSVNETSQTGWAFYVRAKHGDF
-1,-----IWHLMNWSFSWSVVLIVFIAILQYGRPQFSWFMYGVKMLIMWLLWPLVLALTIFNA-YAEfkssRYVMFGFSVSGAMVTLVMWIMYFARSIQLWRRTRTWWSFNPETNAILCLSSVGKRFVLPLSGAPTGVTLTLLSGNLYAEGFKVGsGVNVDNLPKYIMVATPgNTIVYHQVGKSLKASSATGWSYYVRAKAGDY
-1,---QATELFIEYNLFVTAFFLTLTILFQYGYATRSRIIYIFKMLVLWCFWPLNIAVGVISCIYPPNTGGLVAAIILTVFACFSFLGYWIQSIRLFKRCRSWWSFNPESNAVGSILLtNGQQCNFAIESVPMVLSPIIKNGALYCEGQWLAKCEPDHLPKDIFVCTPDRRNIYRMVQkytGDQSGNKKRFATFVYAK----
-1,--EQSVELFKEYNLFITAFLLFLTILLQYGYATRSRFIYIMKMIVLWCFWPLNIAVGVISCIYPPNTGGLVAAKILTVVACLSFEGYWIQSIRLFKRGGQWWAFNPESNAVGSILLsNGQQCNFAIESVPMVLSPIIKNGVLYCEGQWLAKCEPDHLPKDIFVCPPDRRNIYRM-----------------------
-1,TQEELFKVVKEWNFALGIMLFIFITLLQYAYATRSLGLYILKLVLLWLMWPLTFACFVLAAIYHVNVVFMGFAITFAIIVGCMWLGYWIASIRLFRRTGSVWSFNPETNRLLNVAIRGTMYTRPLQEDTAVIVATVARGVAVFAGHKLGRADLESLPNEITVATSRTLSYFKMSRKVNIGVGSGVATYLRYKVGNH
-1,--DNIVTHLKNWNFGWNVILTIFILILQFGHYKYSRIFYGIKMLVLWLLWPLVLALSIFDtyANWNENWAFVALSLFMAIATLIMWVMYFVNSFRLFRRARTFWAWNPEVNAITVTTVLGQTYYQPTLQAPTGITVTLLSGVLYVDGHRIAsGIQVHNLPEYMSVAVPStTIIYSRVGRSVNSRNNTGWMFYVRVKHGDF
-1,-SEQAIQLFKEYNLFITAFLLFLTILFRYGYATRSRFIYIVKMIVLWCFWSLNFAVGVISCIYPPNTGGLVGAIILTVFVCISFIGYWIQSCRLFKRCRSFWAFNPESNAVGSIlLVDGRQCNFAIDSVPMVLSPIIKNGVLYSEGQWLAKCEPDHLPKDIFVCTPDKRNIYRMVQkytGDQSGNKKRFAtfVYVKQSV---
-1,--DTIVTHLKNWNFGWNVILTIFILILQFGHYKYSRIFYGVKMLVLWLLWPLVLALSIFDtyANWNENWAFVALSLFMAIATFVMWVMYFVNSFRLFRRARTFWAWNPEVNAITVTTVLGQTYYQPTQQAPTGITVTLLSGVLYVDGHRIAsGIQVHNLPEYMSVAVPStTIIYSRVGRSVNSRNNTGWMFYVRVKHGDF
-1,-VGEVLEHLRNWSFAWNIILTVLIVMLQYGNFKYSKILYGIKMAVLWLLWPCVIALSVtnAWADFNVNWAYFGISIFMLVVTLVLWIMYFLNSFRLYRRTRSFWAFNPETDSIIVFSVYGTTYSIPVIQAPQGITFTILSGTLLVDGIKIAtAVRIDALPQYVTVAKAtTTIVFHRVGKAVNERTQTGWLFFVRSGYGDY
-1,--EEVVKAVKDWNFAISVFLLFITVLLQWGYPSRCKPLWVVKMCILWLLWPLSIAAAVFAAVYPINTVAFGFAIAFACISGLMWLSYFISSFRLLCRTGSAWSFMPETNMLLNVPLSGRTVTRPILTDSPAIQFLLLRGVIQFDGFNLGRCDPAEMPDIVTVAKPSSLHWYKKALTRNIGAKSAIFVYIKYKVGNH
-1,--EQAVQLFKEYNLFITAFLLFLTILLQYGYASRSRFIYILKMIVLWCfwplikmvvlwqFWPLIIAGGLISCIYPVDTGGFAAAIVLTIFACLSFVGYWIQSIRLFKRCKSFWAFNPESNAVGSISLtNGQTCNFSVESVPMVLSPIIKAGVLYCEGQWLAKCTPSEVPQHIYVCTPDRRNVYKRVaaySGDNKANKKSFATFVFTK----
-1,-VENFKAILQEWNFALGIILLAFIIILQYAYATRNLGLYVIKLVFLWLLWPVTLTCFVIAAVYYMNYVYLGFSVFFASAIAIMWLGYWIASIRLFRRTGSAWSFSPEANRLLNVAIRGTMYTRPVPEDASIIVATVYRSHLIVAGHKLGRTDLSSLSTEVTVATARTLSYYKLSWRKEAGAGNGVALYARYKVGNH
-1,----AVQEFEEWSLII-FISIIWALssILQGGYATRYRFVYVIKLVLLWLLQPLTLGFSIYAAVyfampatylkltgestdyinqtnahYQRNYHTsklysrkgldnsetiaqFTLAILFAVLTFVSWCKYMYDSIRLALKTKSAWSFSPETRLIAGiVDMMGNGRCVPLDYMTPILAPVIKHGTLKLHGQKLAsGLSVKTVPKHMAVFTPSDTFHYVLRKTIESTEDDNIAV---------
-1,----AVQEFEEWSLII-FISIIWALssILQGGYATRYRFVYVIKLVLLWLLQPLTLGFSIYAAVyfampatylkltgestdyinqtnahYQRNYHTsklysrkgldnsetiaqFTLAILFAVLTFVSWCKYMYDSIRLALKTKSAWSFSPETRLIAGiVDMMGNGRCVPLDYMTPILAPVIKHGTLKLHGQKLAsGLSVKTVPKHMAVFTPSDTFHYVLRKTIESTEDDNIAV---------
-1,TEAQIIAIIKDWNFAWSLIFLLITIVLQYGYPSRSMTVYVFKMFVLWLLWPSSMALSIFSAFYPIDLASQIISGIVAAVSAMMWISYFVQSIRLFMRTGSWWSFNPETNCLLNVPFGGTTVVRPLVEDSTSVTAVVTNGHLKMAGMHFGACDYDRLPNEVTVAKPNVLIALKMVKRQSYGTNSGVAIYHRYKAGNY
-1,-VNELVQHLTNWSFSWNVILTVMIIVLQYGFIKYGRIVYALKMLVLWLLWPLVLALSIFNAIvsLRFSYVMFAFCIVLICVTFGLWLAYFVNSIKLYRRTHSPWSFDPSTNAVLCFSVLGRSHAIPVPTVPTGITLTLLSGQLNVEGIPIcSGLNFHDMPEFISVAKPNvTILYEVRSRKGNTTTKTGWVYYVRSKHGDY
-1,TEAQIIAIIKDWNFAWSLVFLLITIVLQYGYPSRSMTVYVFKMFVLWLLWPSSMALSIFSAIYPIDLASQIISGIVSAVSAMMWISYFVQSIRLFMRTGSWWSFNPETNCLLNVPIGGTTVVRPLVEDSTSVTAVVTNGHLKMAGMHFGACDYDRLPNEVTVAKPNVLIALKMVKRQSYGTNSGVAIYHRYKAGNY
-1,---------KDWNFTISVLLLFITVLLQWGYPTKCKPLWVIKMCILWLLWPLSIAAAVFAAVYPINQVAFGFAIAFACISGLMWLSYFVSSFRLLCRTGSAWSFMPETNMLLNVPLLGRTVTRPILADSPAIQFLLVRGEIQFEGFRLGRCDPGDMPDIVTVAKPASLHWYKKALTRNIGAKSAIIVYIKYKVGNH
-1,--ELALSVLRDYNLALSTFLTLIICVLQFGYASRNRFFYWIKIITLWLMWPFAIVTAVFSCLYPPcyeygwaeqlfptsspvsttthsstlsvtkvpipqgnglwscgtyghniNITAFVFAIIFAIFTCAAWLFYWIQSTRLYLRVRSWWAFSPDTNYVAVFKMaNDQYFTLPLLEIPMVLSLVYKNNFVYCNGTYLGRIpSMGYLPASCIVGSAEKIARYR------------------------
-1,----------EWQVIV-FIIIIWAlgVILQGGYATRARLIYIIKLILLWLLQPFTLVVTIWSAVDNGNNKTgavFIISIIFAVLTFLSWLRYWYDSIRLVIKTHSAWSFSPESRLLAGInDPMGNWRCIPIDHMAPILAPVVKHGKLKLHGQELAsGVTVSSVPKSMIVVSPSDTFHYTLKKTIDTDE---------------
-1,TQQQAAELFKEYNVFVTAFLLFLSILLQYGYATRSRFIYILKMILLWCFWPLNIAVGVISCIFPPNTGGsFVAAIILTVCGClVFFLGYWIQSIRLFKRGRSWGAIKPRSYAGGPILLtNGQQCNFAIESVPVVLSPIIKNGVLYCEGQWLAKCEPDHLPKDIFVCTPDRRNIYRMVQkytGDQSGNKKRFATFVYAK----
-1,---------EEWQVIV-FIIIIWALgaILQGGYATRSRMIYIIKLILLWLLQPFTLVVTIWAAVNHGNSKTdavFIISVIFAVLTFCTWLKYWYDSIRLVMKTHSAWSFSPESRLLAGImDPMGNWRCIPIDHMAPVESPVVKHGKLKLHGQELAtGVSVTSPPKGLMVVSPSDTFHYTLKKTIESTDDRDLAV---------
-1,----------EWQVIV-FIIIIWAlgVILQGGYATRTRIIYIIKLILLWLLQPFTLVVTIWAAVDNGSNKTgavFIISVIFAVLTFLSWLRYWYDSIRLVVKTHSAWSFSPESRLLAGImDPLGNWRCIPIDHMAPILAPVVKHGKLKLHGQELAtGVPVTSPPKGMIVVSPSDTFHYTLKKTIESTDDRDLAV---------
-1,----------EWQIIV-FIILIWAlgVILQGGYATRNRIIYIIKLILLWLLQPFTLVVTIWTAVENgskPGGAVFIIAIVFAILTLLSWLRYVYDSIRLVLKTHSAWSFSPESRLLAGImDSMGNWRCIPIDHMAPILTPVLKHGRLKLHGQQLAtGLSVTSPPKSMVVVTPSDTFHYTLRKTIESTDDRDLAV---------
-1,----------EWQIIV-FIILIWAlgVILQGGYATRNRIIYIIKLILLWLLQPFTLVVTIWTAVDAratPSSAVFIIAIVFAVLTFLSWLRYVYDSIRLVMKTHSAWSFSPESRILAGVmDSMGNWRCIPIDHMAPILTPVLKHGKLKLHGQQLAtGIAVTSPPKSMVVVTPSDTFHYSLRKTIESTDDRDLAV---------
-1,---------EEWQIIV-FIAIIWAlgVILQGGYATRNRMIYVLKLILLWLLQPFTLVVTVWAAVDHANkkDAVFIVSIIFAVLTFISWAKYWFDSIRLLMKTRSAWALSPESRLLAGImDPMGNWRCIPIDHMAPILTPVVKHGKLKLHGQELAsGISAKSPPQDMVIVSPSDTFHYTFKKPVESNSDPEFAV---------
-1,TIQQATEMFTEYNLFISAALLFFTIILQYGYSTRVRLVYIVKIFFMWLFWPLSITAGVISCVYRPNMGGLVAAIILTILSILTFIGYWIQSLRLFKRCRSFWALNPESNCVGTITLkNGKVCHFSVETVPMVLAPIIKAGNLYCEGQWLTKCTTTDVPQYMYVCTPDKRNVFKR-----------------------
-1,----------EWQLIV-FIILIWALgfILQGGYAARHKVIYVIKLILLWLLQPFTLVVTIWTAVDngaQPSSAVFIIAIIFAILTFVIWLKYWYDSIRLVIKTKSGWSFSPETRLLVCaIDGMGNVKCAPVDHLPTALTPVLVMGRFMLNGQLLmAQQTVQTAPRALYVMTPSQTYHFTLKKT--------------------
-1,----------EWQLIV-FIVIIWAlgIILQGGYATRFRFTYILKLILLWVLQPFTLVVTIWTAVdkgSEPTSALFIIAVIFSVLTFVSWAKYWYDSIRLAIKTKSAWALSPESRLLACMLDNsGIMHAVPLDYLPTALCPVLVRGKFMLHGQCVAKqMTLSSVPRAFYVATPSHTYHYSLRKTFQDPELPDTATYI-------
-1,--EQAVLLFKEYNLFITAFLLFLTILLQYGYATRSRIIYILKMIVLWCFWPLNIAVGVISCIYPPNTGGLVAAIILTVFVCLSFVGYWI-RVRLFSGVGHG-GLLPRVYAVSSILLtNGQQCNFAIESVPMVLAPIIKNG---------------------------------------------------------
-1,-----------------------------------------------------------------------------------------------------------------------------------------RGHLYIQGIKLGiGYSLADLPAYMSVAKVTHLCTYKRGFLDRISDTSGFAVYVKFKVGNY
-1,-AEQAVQLFKDYXLFITAFLLFLTILLQYGYATRS-----------------------------------------------------------------------------------------------------------------------------------------------------------------
-1,--EQAVQLFKEYXLFVTAFLLFLTILLQYGYATRS-----------------------------------------------------------------------------------------------------------------------------------------------------------------
